<?xml version="1.0" encoding="UTF-8"?>
<!--
 ~  Copyright (c) 2016, WSO2 Inc. (http://www.wso2.org) All Rights Reserved.
 ~
 ~  WSO2 Inc. licenses this file to you under the Apache License,
 ~  Version 2.0 (the "License"); you may not use this file except
 ~  in compliance with the License.
 ~  You may obtain a copy of the License at
 ~
 ~    http://www.apache.org/licenses/LICENSE-2.0
 ~
 ~  Unless required by applicable law or agreed to in writing,
 ~  software distributed under the License is distributed on an
 ~  "AS IS" BASIS, WITHOUT WARRANTIES OR CONDITIONS OF ANY
 ~  KIND, either express or implied.  See the License for the
 ~  specific language governing permissions and limitations
 ~  under the License.
-->
<template xmlns="http://ws.apache.org/ns/synapse" name="createLists">
    <parameter name="name" description="The name for the list.
        A list’s name must start with a letter and can consist only of 25 or fewer letters, numbers, “-“, or “_” characters."/>
    <parameter name="mode"
               description="Whether your list is public or private. Values can be public or private. If no mode is specified the list will be public."/>
    <parameter name="description" description="The description to give the list."/>
    <sequence>
        <class name="org.wso2.carbon.connector.twitter.RemoveTwitterContext"/>
        <property name="uri.var.name" expression="$func:name"/>
        <property name="uri.var.mode" expression="$func:mode"/>
        <property name="uri.var.description" expression="$func:description"/>
        <script language="js">
            <![CDATA[
                // optional url param variables
                var name = mc.getProperty('uri.var.name');
                var mode = mc.getProperty('uri.var.mode');
                var description  = mc.getProperty('uri.var.description');
                var uriParams = '';

                uriParams = 'name=' + name + '&';
                name = 'name=' + encodeURIComponent(name);
                mc.setProperty('uri.var.name', name)

                if (mode != null && mode != "") {
                    uriParams += 'user_id=' + mode + '&';
                    mode = 'user_id=' + encodeURIComponent(mode);
                    mc.setProperty('uri.var.mode', mode)
                }
                if (description != null && description != "") {
                    uriParams += 'description=' + description + '&';
                    description = 'description=' + encodeURIComponent(description);
                    mc.setProperty('uri.var.description', description)
                }

                if(uriParams != ''){
                    mc.setProperty('uri.var.uriParams' , uriParams.toString().substring(0, uriParams.toString().lastIndexOf("&")));
                }
            ]]>
        </script>
        <property name="uri.var.apiUrl.final"
                  expression="fn:concat(get-property('uri.var.apiUrl'),'/1.1/lists/create.json')"/>
        <property name="uri.var.httpMethod" value="POST"/>
        <class name="org.wso2.carbon.connector.twitter.TwitterSignatureGeneration"/>
        <header name="Authorization" expression="get-property('uri.var.signature')" scope="transport"/>
        <call>
            <endpoint>
                <http method="post"
                      uri-template="legacy-encoding:{uri.var.apiUrl}/1.1/lists/create.json?{uri.var.uriParams}"/>
            </endpoint>
        </call>
        <!-- Remove custom header information in response -->
        <header name="x-access-level" scope="transport" action="remove"/>
        <header name="x-twitter-response-tags" scope="transport" action="remove"/>
        <header name="x-transaction" scope="transport" action="remove"/>
        <header name="x-response-time" scope="transport" action="remove"/>
        <header name="x-connection-hash" scope="transport" action="remove"/>
        <header name="x-content-type-options" scope="transport" action="remove"/>
        <header name="x-frame-options" scope="transport" action="remove"/>
        <header name="x-rate-limit-limit" scope="transport" action="remove"/>
        <header name="x-rate-limit-remaining" scope="transport" action="remove"/>
        <header name="x-rate-limit-reset" scope="transport" action="remove"/>
        <header name="x-xss-protection" scope="transport" action="remove"/>
    </sequence>
</template>