{
  "id": "http:\/\/wso2jsonschema.org",
  "title": "root",
  "$schema": "http:\/\/json-schema.org\/draft-04\/schema#",
  "properties": {
    "sinceId": {
      "id": "http:\/\/wso2jsonschema.org\/sinceId",
      "type": "string",
      "nullable": "true"
    },
    "excludeReplies": {
      "id": "http:\/\/wso2jsonschema.org\/excludeReplies",
      "type": "string",
      "nullable": "true"
    },
    "count": {
      "id": "http:\/\/wso2jsonschema.org\/count",
      "type": "string",
      "nullable": "true"
    },
    "trimUser": {
      "id": "http:\/\/wso2jsonschema.org\/trimUser",
      "type": "string",
      "nullable": "true"
    },
    "contributorDetails": {
      "id": "http:\/\/wso2jsonschema.org\/contributorDetails",
      "type": "string",
      "nullable": "true"
    },
    "MaxId": {
      "id": "http:\/\/wso2jsonschema.org\/MaxId",
      "type": "string",
      "nullable": "true"
    }
  },
  "type": "object"
}