{
  "id": "http:\/\/wso2jsonschema.org",
  "title": "root",
  "$schema": "http:\/\/json-schema.org\/draft-04\/schema#",
  "properties": {
    "mediaIds": {
      "id": "http:\/\/wso2jsonschema.org\/mediaIds",
      "type": "string",
      "nullable": "true"
    },
    "status": {
      "id": "http:\/\/wso2jsonschema.org\/status",
      "type": "string",
      "nullable": "true"
    },
    "possiblySensitive": {
      "id": "http:\/\/wso2jsonschema.org\/possiblySensitive",
      "type": "string",
      "nullable": "true"
    },
    "inReplyToStatusId": {
      "id": "http:\/\/wso2jsonschema.org\/inReplyToStatusId",
      "type": "string",
      "nullable": "true"
    },
    "displayCoordinates": {
      "id": "http:\/\/wso2jsonschema.org\/displayCoordinates",
      "type": "string",
      "nullable": "true"
    },
    "placeId": {
      "id": "http:\/\/wso2jsonschema.org\/placeId",
      "type": "string",
      "nullable": "true"
    },
    "trimUser": {
      "id": "http:\/\/wso2jsonschema.org\/trimUser",
      "type": "string",
      "nullable": "true"
    },
    "longitude": {
      "id": "http:\/\/wso2jsonschema.org\/longitude",
      "type": "string",
      "nullable": "true"
    },
    "latitude": {
      "id": "http:\/\/wso2jsonschema.org\/latitude",
      "type": "string",
      "nullable": "true"
    }
  },
  "type": "object"
}