{
  "id": "http:\/\/wso2jsonschema.org",
  "title": "root",
  "$schema": "http:\/\/json-schema.org\/draft-04\/schema#",
  "items": [
    {
      "id": "http:\/\/wso2jsonschema.org\/root\/0",
      "properties": {
        "trends": {
          "id": "http:\/\/wso2jsonschema.org\/root\/0\/trends",
          "items": [
            {
              "id": "http:\/\/wso2jsonschema.org\/root\/0\/trends\/0",
              "type": "object"
            }
          ],
          "type": "array"
        },
        "locations": {
          "id": "http:\/\/wso2jsonschema.org\/root\/0\/locations",
          "items": [
            {
              "id": "http:\/\/wso2jsonschema.org\/root\/0\/locations\/0",
              "properties": {
                "woeid": {
                  "id": "http:\/\/wso2jsonschema.org\/root\/0\/locations\/0\/woeid",
                  "type": "number"
                },
                "name": {
                  "id": "http:\/\/wso2jsonschema.org\/root\/0\/locations\/0\/name",
                  "type": "string"
                }
              },
              "type": "object"
            }
          ],
          "type": "array"
        },
        "created_at": {
          "id": "http:\/\/wso2jsonschema.org\/root\/0\/created_at",
          "type": "string"
        },
        "as_of": {
          "id": "http:\/\/wso2jsonschema.org\/root\/0\/as_of",
          "type": "string"
        }
      },
      "type": "object"
    }
  ],
  "type": "array"
}