{
  "id": "http:\/\/wso2jsonschema.org",
  "title": "root",
  "$schema": "http:\/\/json-schema.org\/draft-04\/schema#",
  "properties": {
    "targetId": {
      "id": "http:\/\/wso2jsonschema.org\/targetId",
      "type": "string",
      "nullable": "true"
    },
    "sourceScreenName": {
      "id": "http:\/\/wso2jsonschema.org\/sourceScreenName",
      "type": "string",
      "nullable": "true"
    },
    "targetScreenName": {
      "id": "http:\/\/wso2jsonschema.org\/targetScreenName",
      "type": "string",
      "nullable": "true"
    },
    "sourceId": {
      "id": "http:\/\/wso2jsonschema.org\/sourceId",
      "type": "string",
      "nullable": "true"
    }
  },
  "type": "object"
}