{
  "id": "http:\/\/wso2jsonschema.org",
  "title": "root",
  "$schema": "http:\/\/json-schema.org\/draft-04\/schema#",
  "properties": {
    "position": {
      "id": "http:\/\/wso2jsonschema.org\/position",
      "type": "string"
    },
    "id": {
      "id": "http:\/\/wso2jsonschema.org\/id",
      "type": "number"
    },
    "query": {
      "id": "http:\/\/wso2jsonschema.org\/query",
      "type": "string"
    },
    "name": {
      "id": "http:\/\/wso2jsonschema.org\/name",
      "type": "string"
    },
    "created_at": {
      "id": "http:\/\/wso2jsonschema.org\/created_at",
      "type": "string"
    },
    "id_str": {
      "id": "http:\/\/wso2jsonschema.org\/id_str",
      "type": "string"
    }
  },
  "type": "object"
}