{
  "id": "http:\/\/wso2jsonschema.org",
  "title": "root",
  "$schema": "http:\/\/json-schema.org\/draft-04\/schema#",
  "properties": {
    "statuses": {
      "id": "http:\/\/wso2jsonschema.org\/statuses",
      "items": [
        {
          "id": "http:\/\/wso2jsonschema.org\/statuses\/0",
          "properties": {
            "retweeted": {
              "id": "http:\/\/wso2jsonschema.org\/statuses\/0\/retweeted",
              "type": "boolean"
            },
            "in_reply_to_screen_name": {
              "id": "http:\/\/wso2jsonschema.org\/statuses\/0\/in_reply_to_screen_name",
              "type": "string"
            },
            "possibly_sensitive": {
              "id": "http:\/\/wso2jsonschema.org\/statuses\/0\/possibly_sensitive",
              "type": "boolean"
            },
            "truncated": {
              "id": "http:\/\/wso2jsonschema.org\/statuses\/0\/truncated",
              "type": "boolean"
            },
            "lang": {
              "id": "http:\/\/wso2jsonschema.org\/statuses\/0\/lang",
              "type": "string"
            },
            "in_reply_to_status_id_str": {
              "id": "http:\/\/wso2jsonschema.org\/statuses\/0\/in_reply_to_status_id_str",
              "type": "string"
            },
            "id": {
              "id": "http:\/\/wso2jsonschema.org\/statuses\/0\/id",
              "type": "number"
            },
            "in_reply_to_user_id_str": {
              "id": "http:\/\/wso2jsonschema.org\/statuses\/0\/in_reply_to_user_id_str",
              "type": "string"
            },
            "in_reply_to_status_id": {
              "id": "http:\/\/wso2jsonschema.org\/statuses\/0\/in_reply_to_status_id",
              "type": "number"
            },
            "created_at": {
              "id": "http:\/\/wso2jsonschema.org\/statuses\/0\/created_at",
              "type": "string"
            },
            "favorite_count": {
              "id": "http:\/\/wso2jsonschema.org\/statuses\/0\/favorite_count",
              "type": "number"
            },
            "place": {
              "id": "http:\/\/wso2jsonschema.org\/statuses\/0\/place",
              "type": "string"
            },
            "coordinates": {
              "id": "http:\/\/wso2jsonschema.org\/statuses\/0\/coordinates",
              "items": [
                {
                  "id": "http:\/\/wso2jsonschema.org\/statuses\/0\/coordinates\/0",
                  "type": "array"
                }
              ],
              "type": "array"
            },
            "metadata": {
              "id": "http:\/\/wso2jsonschema.org\/statuses\/0\/metadata",
              "properties": {
                "result_type": {
                  "id": "http:\/\/wso2jsonschema.org\/statuses\/0\/metadata\/result_type",
                  "type": "string"
                },
                "iso_language_code": {
                  "id": "http:\/\/wso2jsonschema.org\/statuses\/0\/metadata\/iso_language_code",
                  "type": "string"
                }
              },
              "type": "object"
            },
            "text": {
              "id": "http:\/\/wso2jsonschema.org\/statuses\/0\/text",
              "type": "string"
            },
            "contributors": {
              "id": "http:\/\/wso2jsonschema.org\/statuses\/0\/contributors",
              "items": [
                {
                  "id": "http:\/\/wso2jsonschema.org\/statuses\/0\/contributors\/0",
                  "type": "number"
                }
              ],
              "type": "array"
            },
            "geo": {
              "id": "http:\/\/wso2jsonschema.org\/statuses\/0\/geo",
              "properties": {
                "type": {
                  "id": "http:\/\/wso2jsonschema.org\/statuses\/0\/geo\/type",
                  "type": "string"
                },
                "coordinates": {
                  "id": "http:\/\/wso2jsonschema.org\/statuses\/0\/geo\/coordinates",
                  "items": [
                    {
                      "id": "http:\/\/wso2jsonschema.org\/statuses\/0\/geo\/coordinates\/0",
                      "type": "number"
                    }
                  ],
                  "type": "array"
                }
              },
              "type": "object"
            },
            "entities": {
              "id": "http:\/\/wso2jsonschema.org\/statuses\/0\/entities",
              "properties": {
                "symbols": {
                  "id": "http:\/\/wso2jsonschema.org\/statuses\/0\/entities\/symbols",
                  "items": [],
                  "type": "array"
                },
                "urls": {
                  "id": "http:\/\/wso2jsonschema.org\/statuses\/0\/entities\/urls",
                  "items": [],
                  "type": "array"
                },
                "hashtags": {
                  "id": "http:\/\/wso2jsonschema.org\/statuses\/0\/entities\/hashtags",
                  "items": [],
                  "type": "array"
                },
                "media": {
                  "id": "http:\/\/wso2jsonschema.org\/statuses\/0\/entities\/media",
                  "items": [
                    {
                      "id": "http:\/\/wso2jsonschema.org\/statuses\/0\/entities\/media\/0",
                      "properties": {
                        "sizes": {
                          "id": "http:\/\/wso2jsonschema.org\/statuses\/0\/entities\/media\/0\/sizes",
                          "properties": {
                            "thumb": {
                              "id": "http:\/\/wso2jsonschema.org\/statuses\/0\/entities\/media\/0\/sizes\/thumb",
                              "properties": {
                                "w": {
                                  "id": "http:\/\/wso2jsonschema.org\/statuses\/0\/entities\/media\/0\/sizes\/thumb\/w",
                                  "type": "number"
                                },
                                "resize": {
                                  "id": "http:\/\/wso2jsonschema.org\/statuses\/0\/entities\/media\/0\/sizes\/thumb\/resize",
                                  "type": "string"
                                },
                                "h": {
                                  "id": "http:\/\/wso2jsonschema.org\/statuses\/0\/entities\/media\/0\/sizes\/thumb\/h",
                                  "type": "number"
                                }
                              },
                              "type": "object"
                            },
                            "small": {
                              "id": "http:\/\/wso2jsonschema.org\/statuses\/0\/entities\/media\/0\/sizes\/small",
                              "properties": {
                                "w": {
                                  "id": "http:\/\/wso2jsonschema.org\/statuses\/0\/entities\/media\/0\/sizes\/small\/w",
                                  "type": "number"
                                },
                                "resize": {
                                  "id": "http:\/\/wso2jsonschema.org\/statuses\/0\/entities\/media\/0\/sizes\/small\/resize",
                                  "type": "string"
                                },
                                "h": {
                                  "id": "http:\/\/wso2jsonschema.org\/statuses\/0\/entities\/media\/0\/sizes\/small\/h",
                                  "type": "number"
                                }
                              },
                              "type": "object"
                            },
                            "large": {
                              "id": "http:\/\/wso2jsonschema.org\/statuses\/0\/entities\/media\/0\/sizes\/large",
                              "properties": {
                                "w": {
                                  "id": "http:\/\/wso2jsonschema.org\/statuses\/0\/entities\/media\/0\/sizes\/large\/w",
                                  "type": "number"
                                },
                                "resize": {
                                  "id": "http:\/\/wso2jsonschema.org\/statuses\/0\/entities\/media\/0\/sizes\/large\/resize",
                                  "type": "string"
                                },
                                "h": {
                                  "id": "http:\/\/wso2jsonschema.org\/statuses\/0\/entities\/media\/0\/sizes\/large\/h",
                                  "type": "number"
                                }
                              },
                              "type": "object"
                            },
                            "medium": {
                              "id": "http:\/\/wso2jsonschema.org\/statuses\/0\/entities\/media\/0\/sizes\/medium",
                              "properties": {
                                "w": {
                                  "id": "http:\/\/wso2jsonschema.org\/statuses\/0\/entities\/media\/0\/sizes\/medium\/w",
                                  "type": "number"
                                },
                                "resize": {
                                  "id": "http:\/\/wso2jsonschema.org\/statuses\/0\/entities\/media\/0\/sizes\/medium\/resize",
                                  "type": "string"
                                },
                                "h": {
                                  "id": "http:\/\/wso2jsonschema.org\/statuses\/0\/entities\/media\/0\/sizes\/medium\/h",
                                  "type": "number"
                                }
                              },
                              "type": "object"
                            }
                          },
                          "type": "object"
                        },
                        "id": {
                          "id": "http:\/\/wso2jsonschema.org\/statuses\/0\/entities\/media\/0\/id",
                          "type": "number"
                        },
                        "media_url_https": {
                          "id": "http:\/\/wso2jsonschema.org\/statuses\/0\/entities\/media\/0\/media_url_https",
                          "type": "string"
                        },
                        "media_url": {
                          "id": "http:\/\/wso2jsonschema.org\/statuses\/0\/entities\/media\/0\/media_url",
                          "type": "string"
                        },
                        "expanded_url": {
                          "id": "http:\/\/wso2jsonschema.org\/statuses\/0\/entities\/media\/0\/expanded_url",
                          "type": "string"
                        },
                        "indices": {
                          "id": "http:\/\/wso2jsonschema.org\/statuses\/0\/entities\/media\/0\/indices",
                          "items": [
                            {
                              "id": "http:\/\/wso2jsonschema.org\/statuses\/0\/entities\/media\/0\/indices\/0",
                              "type": "number"
                            }
                          ],
                          "type": "array"
                        },
                        "id_str": {
                          "id": "http:\/\/wso2jsonschema.org\/statuses\/0\/entities\/media\/0\/id_str",
                          "type": "string"
                        },
                        "type": {
                          "id": "http:\/\/wso2jsonschema.org\/statuses\/0\/entities\/media\/0\/type",
                          "type": "string"
                        },
                        "display_url": {
                          "id": "http:\/\/wso2jsonschema.org\/statuses\/0\/entities\/media\/0\/display_url",
                          "type": "string"
                        },
                        "url": {
                          "id": "http:\/\/wso2jsonschema.org\/statuses\/0\/entities\/media\/0\/url",
                          "type": "string"
                        }
                      },
                      "type": "object"
                    }
                  ],
                  "type": "array"
                },
                "user_mentions": {
                  "id": "http:\/\/wso2jsonschema.org\/statuses\/0\/entities\/user_mentions",
                  "items": [],
                  "type": "array"
                }
              },
              "type": "object"
            },
            "is_quote_status": {
              "id": "http:\/\/wso2jsonschema.org\/statuses\/0\/is_quote_status",
              "type": "boolean"
            },
            "source": {
              "id": "http:\/\/wso2jsonschema.org\/statuses\/0\/source",
              "type": "string"
            },
            "favorited": {
              "id": "http:\/\/wso2jsonschema.org\/statuses\/0\/favorited",
              "type": "boolean"
            },
            "in_reply_to_user_id": {
              "id": "http:\/\/wso2jsonschema.org\/statuses\/0\/in_reply_to_user_id",
              "type": "number"
            },
            "retweet_count": {
              "id": "http:\/\/wso2jsonschema.org\/statuses\/0\/retweet_count",
              "type": "number"
            },
            "id_str": {
              "id": "http:\/\/wso2jsonschema.org\/statuses\/0\/id_str",
              "type": "string"
            },
            "user": {
              "id": "http:\/\/wso2jsonschema.org\/statuses\/0\/user",
              "properties": {
                "location": {
                  "id": "http:\/\/wso2jsonschema.org\/statuses\/0\/user\/location",
                  "type": "string"
                },
                "default_profile": {
                  "id": "http:\/\/wso2jsonschema.org\/statuses\/0\/user\/default_profile",
                  "type": "boolean"
                },
                "profile_background_tile": {
                  "id": "http:\/\/wso2jsonschema.org\/statuses\/0\/user\/profile_background_tile",
                  "type": "boolean"
                },
                "statuses_count": {
                  "id": "http:\/\/wso2jsonschema.org\/statuses\/0\/user\/statuses_count",
                  "type": "number"
                },
                "lang": {
                  "id": "http:\/\/wso2jsonschema.org\/statuses\/0\/user\/lang",
                  "type": "string"
                },
                "profile_link_color": {
                  "id": "http:\/\/wso2jsonschema.org\/statuses\/0\/user\/profile_link_color",
                  "type": "string"
                },
                "profile_banner_url": {
                  "id": "http:\/\/wso2jsonschema.org\/statuses\/0\/user\/profile_banner_url",
                  "type": "string"
                },
                "id": {
                  "id": "http:\/\/wso2jsonschema.org\/statuses\/0\/user\/id",
                  "type": "number"
                },
                "following": {
                  "id": "http:\/\/wso2jsonschema.org\/statuses\/0\/user\/following",
                  "type": "boolean"
                },
                "protected": {
                  "id": "http:\/\/wso2jsonschema.org\/statuses\/0\/user\/protected",
                  "type": "boolean"
                },
                "favourites_count": {
                  "id": "http:\/\/wso2jsonschema.org\/statuses\/0\/user\/favourites_count",
                  "type": "number"
                },
                "profile_text_color": {
                  "id": "http:\/\/wso2jsonschema.org\/statuses\/0\/user\/profile_text_color",
                  "type": "string"
                },
                "description": {
                  "id": "http:\/\/wso2jsonschema.org\/statuses\/0\/user\/description",
                  "type": "string"
                },
                "verified": {
                  "id": "http:\/\/wso2jsonschema.org\/statuses\/0\/user\/verified",
                  "type": "boolean"
                },
                "contributors_enabled": {
                  "id": "http:\/\/wso2jsonschema.org\/statuses\/0\/user\/contributors_enabled",
                  "type": "boolean"
                },
                "profile_sidebar_border_color": {
                  "id": "http:\/\/wso2jsonschema.org\/statuses\/0\/user\/profile_sidebar_border_color",
                  "type": "string"
                },
                "name": {
                  "id": "http:\/\/wso2jsonschema.org\/statuses\/0\/user\/name",
                  "type": "string"
                },
                "profile_background_color": {
                  "id": "http:\/\/wso2jsonschema.org\/statuses\/0\/user\/profile_background_color",
                  "type": "string"
                },
                "created_at": {
                  "id": "http:\/\/wso2jsonschema.org\/statuses\/0\/user\/created_at",
                  "type": "string"
                },
                "is_translation_enabled": {
                  "id": "http:\/\/wso2jsonschema.org\/statuses\/0\/user\/is_translation_enabled",
                  "type": "boolean"
                },
                "default_profile_image": {
                  "id": "http:\/\/wso2jsonschema.org\/statuses\/0\/user\/default_profile_image",
                  "type": "boolean"
                },
                "followers_count": {
                  "id": "http:\/\/wso2jsonschema.org\/statuses\/0\/user\/followers_count",
                  "type": "number"
                },
                "has_extended_profile": {
                  "id": "http:\/\/wso2jsonschema.org\/statuses\/0\/user\/has_extended_profile",
                  "type": "boolean"
                },
                "profile_image_url_https": {
                  "id": "http:\/\/wso2jsonschema.org\/statuses\/0\/user\/profile_image_url_https",
                  "type": "string"
                },
                "geo_enabled": {
                  "id": "http:\/\/wso2jsonschema.org\/statuses\/0\/user\/geo_enabled",
                  "type": "boolean"
                },
                "profile_background_image_url": {
                  "id": "http:\/\/wso2jsonschema.org\/statuses\/0\/user\/profile_background_image_url",
                  "type": "string"
                },
                "profile_background_image_url_https": {
                  "id": "http:\/\/wso2jsonschema.org\/statuses\/0\/user\/profile_background_image_url_https",
                  "type": "string"
                },
                "follow_request_sent": {
                  "id": "http:\/\/wso2jsonschema.org\/statuses\/0\/user\/follow_request_sent",
                  "type": "boolean"
                },
                "entities": {
                  "id": "http:\/\/wso2jsonschema.org\/statuses\/0\/user\/entities",
                  "properties": {
                    "description": {
                      "id": "http:\/\/wso2jsonschema.org\/statuses\/0\/user\/entities\/description",
                      "properties": {
                        "urls": {
                          "id": "http:\/\/wso2jsonschema.org\/statuses\/0\/user\/entities\/description\/urls",
                          "items": [],
                          "type": "array"
                        }
                      },
                      "type": "object"
                    },
                    "url": {
                      "id": "http:\/\/wso2jsonschema.org\/statuses\/0\/user\/entities\/url",
                      "properties": {
                        "urls": {
                          "id": "http:\/\/wso2jsonschema.org\/statuses\/0\/user\/entities\/url\/urls",
                          "items": [
                            {
                              "id": "http:\/\/wso2jsonschema.org\/statuses\/0\/user\/entities\/url\/urls\/0",
                              "properties": {
                                "expanded_url": {
                                  "id": "http:\/\/wso2jsonschema.org\/statuses\/0\/user\/entities\/url\/urls\/0\/expanded_url",
                                  "type": "string"
                                },
                                "indices": {
                                  "id": "http:\/\/wso2jsonschema.org\/statuses\/0\/user\/entities\/url\/urls\/0\/indices",
                                  "items": [
                                    {
                                      "id": "http:\/\/wso2jsonschema.org\/statuses\/0\/user\/entities\/url\/urls\/0\/indices\/0",
                                      "type": "number"
                                    }
                                  ],
                                  "type": "array"
                                },
                                "display_url": {
                                  "id": "http:\/\/wso2jsonschema.org\/statuses\/0\/user\/entities\/url\/urls\/0\/display_url",
                                  "type": "string"
                                },
                                "url": {
                                  "id": "http:\/\/wso2jsonschema.org\/statuses\/0\/user\/entities\/url\/urls\/0\/url",
                                  "type": "string"
                                }
                              },
                              "type": "object"
                            }
                          ],
                          "type": "array"
                        }
                      },
                      "type": "object"
                    }
                  },
                  "type": "object"
                },
                "url": {
                  "id": "http:\/\/wso2jsonschema.org\/statuses\/0\/user\/url",
                  "type": "string"
                },
                "utc_offset": {
                  "id": "http:\/\/wso2jsonschema.org\/statuses\/0\/user\/utc_offset",
                  "type": "number"
                },
                "time_zone": {
                  "id": "http:\/\/wso2jsonschema.org\/statuses\/0\/user\/time_zone",
                  "type": "string"
                },
                "notifications": {
                  "id": "http:\/\/wso2jsonschema.org\/statuses\/0\/user\/notifications",
                  "type": "boolean"
                },
                "profile_use_background_image": {
                  "id": "http:\/\/wso2jsonschema.org\/statuses\/0\/user\/profile_use_background_image",
                  "type": "boolean"
                },
                "friends_count": {
                  "id": "http:\/\/wso2jsonschema.org\/statuses\/0\/user\/friends_count",
                  "type": "number"
                },
                "profile_sidebar_fill_color": {
                  "id": "http:\/\/wso2jsonschema.org\/statuses\/0\/user\/profile_sidebar_fill_color",
                  "type": "string"
                },
                "screen_name": {
                  "id": "http:\/\/wso2jsonschema.org\/statuses\/0\/user\/screen_name",
                  "type": "string"
                },
                "id_str": {
                  "id": "http:\/\/wso2jsonschema.org\/statuses\/0\/user\/id_str",
                  "type": "string"
                },
                "profile_image_url": {
                  "id": "http:\/\/wso2jsonschema.org\/statuses\/0\/user\/profile_image_url",
                  "type": "string"
                },
                "listed_count": {
                  "id": "http:\/\/wso2jsonschema.org\/statuses\/0\/user\/listed_count",
                  "type": "number"
                },
                "is_translator": {
                  "id": "http:\/\/wso2jsonschema.org\/statuses\/0\/user\/is_translator",
                  "type": "boolean"
                }
              },
              "type": "object"
            }
          },
          "type": "object"
        }
      ],
      "type": "array"
    },
    "search_metadata": {
      "id": "http:\/\/wso2jsonschema.org\/search_metadata",
      "properties": {
        "since_id": {
          "id": "http:\/\/wso2jsonschema.org\/search_metadata\/since_id",
          "type": "number"
        },
        "count": {
          "id": "http:\/\/wso2jsonschema.org\/search_metadata\/count",
          "type": "number"
        },
        "max_id": {
          "id": "http:\/\/wso2jsonschema.org\/search_metadata\/max_id",
          "type": "number"
        },
        "query": {
          "id": "http:\/\/wso2jsonschema.org\/search_metadata\/query",
          "type": "string"
        },
        "max_id_str": {
          "id": "http:\/\/wso2jsonschema.org\/search_metadata\/max_id_str",
          "type": "string"
        },
        "next_results": {
          "id": "http:\/\/wso2jsonschema.org\/search_metadata\/next_results",
          "type": "string"
        },
        "since_id_str": {
          "id": "http:\/\/wso2jsonschema.org\/search_metadata\/since_id_str",
          "type": "string"
        },
        "completed_in": {
          "id": "http:\/\/wso2jsonschema.org\/search_metadata\/completed_in",
          "type": "number"
        }
      },
      "type": "object"
    }
  },
  "type": "object"
}