{
  "id": "http:\/\/wso2jsonschema.org",
  "title": "root",
  "$schema": "http:\/\/json-schema.org\/draft-04\/schema#",
  "properties": {
    "member_count": {
      "id": "http:\/\/wso2jsonschema.org\/member_count",
      "type": "number"
    },
    "uri": {
      "id": "http:\/\/wso2jsonschema.org\/uri",
      "type": "string"
    },
    "mode": {
      "id": "http:\/\/wso2jsonschema.org\/mode",
      "type": "string"
    },
    "id": {
      "id": "http:\/\/wso2jsonschema.org\/id",
      "type": "number"
    },
    "following": {
      "id": "http:\/\/wso2jsonschema.org\/following",
      "type": "boolean"
    },
    "description": {
      "id": "http:\/\/wso2jsonschema.org\/description",
      "type": "string"
    },
    "name": {
      "id": "http:\/\/wso2jsonschema.org\/name",
      "type": "string"
    },
    "subscriber_count": {
      "id": "http:\/\/wso2jsonschema.org\/subscriber_count",
      "type": "number"
    },
    "created_at": {
      "id": "http:\/\/wso2jsonschema.org\/created_at",
      "type": "string"
    },
    "slug": {
      "id": "http:\/\/wso2jsonschema.org\/slug",
      "type": "string"
    },
    "id_str": {
      "id": "http:\/\/wso2jsonschema.org\/id_str",
      "type": "string"
    },
    "user": {
      "id": "http:\/\/wso2jsonschema.org\/user",
      "properties": {
        "location": {
          "id": "http:\/\/wso2jsonschema.org\/user\/location",
          "type": "string"
        },
        "default_profile": {
          "id": "http:\/\/wso2jsonschema.org\/user\/default_profile",
          "type": "boolean"
        },
        "statuses_count": {
          "id": "http:\/\/wso2jsonschema.org\/user\/statuses_count",
          "type": "number"
        },
        "profile_background_tile": {
          "id": "http:\/\/wso2jsonschema.org\/user\/profile_background_tile",
          "type": "boolean"
        },
        "display_url": {
          "id": "http:\/\/wso2jsonschema.org\/user\/display_url",
          "type": "string"
        },
        "lang": {
          "id": "http:\/\/wso2jsonschema.org\/user\/lang",
          "type": "string"
        },
        "profile_link_color": {
          "id": "http:\/\/wso2jsonschema.org\/user\/profile_link_color",
          "type": "string"
        },
        "id": {
          "id": "http:\/\/wso2jsonschema.org\/user\/id",
          "type": "number"
        },
        "following": {
          "id": "http:\/\/wso2jsonschema.org\/user\/following",
          "type": "boolean"
        },
        "protected": {
          "id": "http:\/\/wso2jsonschema.org\/user\/protected",
          "type": "boolean"
        },
        "favourites_count": {
          "id": "http:\/\/wso2jsonschema.org\/user\/favourites_count",
          "type": "number"
        },
        "profile_text_color": {
          "id": "http:\/\/wso2jsonschema.org\/user\/profile_text_color",
          "type": "string"
        },
        "description": {
          "id": "http:\/\/wso2jsonschema.org\/user\/description",
          "type": "string"
        },
        "verified": {
          "id": "http:\/\/wso2jsonschema.org\/user\/verified",
          "type": "boolean"
        },
        "contributors_enabled": {
          "id": "http:\/\/wso2jsonschema.org\/user\/contributors_enabled",
          "type": "boolean"
        },
        "name": {
          "id": "http:\/\/wso2jsonschema.org\/user\/name",
          "type": "string"
        },
        "profile_sidebar_border_color": {
          "id": "http:\/\/wso2jsonschema.org\/user\/profile_sidebar_border_color",
          "type": "string"
        },
        "expanded_url": {
          "id": "http:\/\/wso2jsonschema.org\/user\/expanded_url",
          "type": "string"
        },
        "deactivated_bit": {
          "id": "http:\/\/wso2jsonschema.org\/user\/deactivated_bit",
          "type": "boolean"
        },
        "profile_background_color": {
          "id": "http:\/\/wso2jsonschema.org\/user\/profile_background_color",
          "type": "string"
        },
        "created_at": {
          "id": "http:\/\/wso2jsonschema.org\/user\/created_at",
          "type": "string"
        },
        "default_profile_image": {
          "id": "http:\/\/wso2jsonschema.org\/user\/default_profile_image",
          "type": "boolean"
        },
        "followers_count": {
          "id": "http:\/\/wso2jsonschema.org\/user\/followers_count",
          "type": "number"
        },
        "geo_enabled": {
          "id": "http:\/\/wso2jsonschema.org\/user\/geo_enabled",
          "type": "boolean"
        },
        "profile_image_url_https": {
          "id": "http:\/\/wso2jsonschema.org\/user\/profile_image_url_https",
          "type": "string"
        },
        "profile_background_image_url": {
          "id": "http:\/\/wso2jsonschema.org\/user\/profile_background_image_url",
          "type": "string"
        },
        "profile_background_image_url_https": {
          "id": "http:\/\/wso2jsonschema.org\/user\/profile_background_image_url_https",
          "type": "string"
        },
        "entities": {
          "id": "http:\/\/wso2jsonschema.org\/user\/entities",
          "properties": {
            "urls": {
              "id": "http:\/\/wso2jsonschema.org\/user\/entities\/urls",
              "items": [],
              "type": "array"
            },
            "hashtags": {
              "id": "http:\/\/wso2jsonschema.org\/user\/entities\/hashtags",
              "items": [],
              "type": "array"
            },
            "user_mentions": {
              "id": "http:\/\/wso2jsonschema.org\/user\/entities\/user_mentions",
              "items": [],
              "type": "array"
            }
          },
          "type": "object"
        },
        "follow_request_sent": {
          "id": "http:\/\/wso2jsonschema.org\/user\/follow_request_sent",
          "type": "boolean"
        },
        "suspended": {
          "id": "http:\/\/wso2jsonschema.org\/user\/suspended",
          "type": "boolean"
        },
        "url": {
          "id": "http:\/\/wso2jsonschema.org\/user\/url",
          "type": "string"
        },
        "utc_offset": {
          "id": "http:\/\/wso2jsonschema.org\/user\/utc_offset",
          "type": "number"
        },
        "time_zone": {
          "id": "http:\/\/wso2jsonschema.org\/user\/time_zone",
          "type": "string"
        },
        "notifications": {
          "id": "http:\/\/wso2jsonschema.org\/user\/notifications",
          "type": "boolean"
        },
        "profile_use_background_image": {
          "id": "http:\/\/wso2jsonschema.org\/user\/profile_use_background_image",
          "type": "boolean"
        },
        "friends_count": {
          "id": "http:\/\/wso2jsonschema.org\/user\/friends_count",
          "type": "number"
        },
        "profile_sidebar_fill_color": {
          "id": "http:\/\/wso2jsonschema.org\/user\/profile_sidebar_fill_color",
          "type": "string"
        },
        "screen_name": {
          "id": "http:\/\/wso2jsonschema.org\/user\/screen_name",
          "type": "string"
        },
        "id_str": {
          "id": "http:\/\/wso2jsonschema.org\/user\/id_str",
          "type": "string"
        },
        "show_all_inline_media": {
          "id": "http:\/\/wso2jsonschema.org\/user\/show_all_inline_media",
          "type": "boolean"
        },
        "profile_image_url": {
          "id": "http:\/\/wso2jsonschema.org\/user\/profile_image_url",
          "type": "string"
        },
        "is_translator": {
          "id": "http:\/\/wso2jsonschema.org\/user\/is_translator",
          "type": "boolean"
        },
        "listed_count": {
          "id": "http:\/\/wso2jsonschema.org\/user\/listed_count",
          "type": "number"
        }
      },
      "type": "object"
    },
    "full_name": {
      "id": "http:\/\/wso2jsonschema.org\/full_name",
      "type": "string"
    }
  },
  "type": "object"
}