{
  "id": "http:\/\/wso2jsonschema.org",
  "title": "root",
  "$schema": "http:\/\/json-schema.org\/draft-04\/schema#",
  "properties": {
    "next_cursor": {
      "id": "http:\/\/wso2jsonschema.org\/next_cursor",
      "type": "number"
    },
    "previous_cursor_str": {
      "id": "http:\/\/wso2jsonschema.org\/previous_cursor_str",
      "type": "string"
    },
    "ids": {
      "id": "http:\/\/wso2jsonschema.org\/ids",
      "items": [],
      "type": "array"
    },
    "previous_cursor": {
      "id": "http:\/\/wso2jsonschema.org\/previous_cursor",
      "type": "number"
    },
    "next_cursor_str": {
      "id": "http:\/\/wso2jsonschema.org\/next_cursor_str",
      "type": "string"
    }
  },
  "type": "object"
}