{
  "id": "http:\/\/wso2jsonschema.org",
  "title": "root",
  "$schema": "http:\/\/json-schema.org\/draft-04\/schema#",
  "properties": {
    "includeEntities": {
      "id": "http:\/\/wso2jsonschema.org\/includeEntities",
      "type": "string"
    },
    "id": {
      "id": "http:\/\/wso2jsonschema.org\/id",
      "type": "string",
      "nullable": "true"
    },
    "includeMyRetweet": {
      "id": "http:\/\/wso2jsonschema.org\/includeMyRetweet",
      "type": "string",
      "nullable": "true"
    },
    "trimUser": {
      "id": "http:\/\/wso2jsonschema.org\/trimUser",
      "type": "string",
      "nullable": "true"
    }
  },
  "type": "object"
}