{
  "id": "http:\/\/wso2jsonschema.org",
  "title": "root",
  "$schema": "http:\/\/json-schema.org\/draft-04\/schema#",
  "properties": {
    "containedWithin": {
      "id": "http:\/\/wso2jsonschema.org\/containedWithin",
      "type": "string",
      "nullable": "true"
    },
    "query": {
      "id": "http:\/\/wso2jsonschema.org\/query",
      "type": "string",
      "nullable": "true"
    },
    "granularity": {
      "id": "http:\/\/wso2jsonschema.org\/granularity",
      "type": "string",
      "nullable": "true"
    },
    "longitude": {
      "id": "http:\/\/wso2jsonschema.org\/longitude",
      "type": "string",
      "nullable": "true"
    },
    "latitude": {
      "id": "http:\/\/wso2jsonschema.org\/latitude",
      "type": "string",
      "nullable": "true"
    },
    "accuracy": {
      "id": "http:\/\/wso2jsonschema.org\/accuracy",
      "type": "string",
      "nullable": "true"
    },
    "maxResults": {
      "id": "http:\/\/wso2jsonschema.org\/maxResults",
      "type": "string",
      "nullable": "true"
    },
    "ip": {
      "id": "http:\/\/wso2jsonschema.org\/ip",
      "type": "string",
      "nullable": "true"
    }
  },
  "type": "object"
}