{
  "id": "http:\/\/wso2jsonschema.org",
  "title": "root",
  "$schema": "http:\/\/json-schema.org\/draft-04\/schema#",
  "properties": {
    "includeEntities": {
      "id": "http:\/\/wso2jsonschema.org\/includeEntities",
      "type": "string",
      "nullable": "true"
    },
    "count": {
      "id": "http:\/\/wso2jsonschema.org\/count",
      "type": "string",
      "nullable": "true"
    },
    "page": {
      "id": "http:\/\/wso2jsonschema.org\/page",
      "type": "string",
      "nullable": "true"
    },
    "q": {
      "id": "http:\/\/wso2jsonschema.org\/q",
      "type": "string",
      "nullable": "true"
    }
  },
  "type": "object"
}