<?xml version="1.0" encoding="UTF-8"?>
<!--
 ~  Copyright (c) 2016, WSO2 Inc. (http://www.wso2.org) All Rights Reserved.
 ~
 ~  WSO2 Inc. licenses this file to you under the Apache License,
 ~  Version 2.0 (the "License"); you may not use this file except
 ~  in compliance with the License.
 ~  You may obtain a copy of the License at
 ~
 ~    http://www.apache.org/licenses/LICENSE-2.0
 ~
 ~  Unless required by applicable law or agreed to in writing,
 ~  software distributed under the License is distributed on an
 ~  "AS IS" BASIS, WITHOUT WARRANTIES OR CONDITIONS OF ANY
 ~  KIND, either express or implied.  See the License for the
 ~  specific language governing permissions and limitations
 ~  under the License.
-->
<component name="twitter-trends" type="synapse/template">
    <subComponents>
        <component name="getTrendsPlace">
            <file>getTrendsPlace.xml</file>
            <description>Returns the top 10 trending topics for a specific WOEID, if trending
                information is available
                for it. The response is an array of 'trend' objects that encode the name of the
                trending topic, the
                query parameter that can be used to search for the topic on Twitter Search, and the
                Twitter Search URL.
                This information is cached for 5 minutes. Requesting more frequently than that will
                not return any more
                data, and will count against your rate limit usage.
            </description>
        </component>
        <component name="getTrendsAvailable">
            <file>getTrendsAvailable.xml</file>
            <description>Returns the locations that Twitter has trending topic information for.
                The response is an array of 'locations' that encode the location's WOEID and some
                other human-readable
                information such as a canonical name and country the location belongs in.
                A WOEID is a Yahoo! Where On Earth ID.
            </description>
        </component>
        <component name="getTrendsClosest">
            <file>getTrendsClosest.xml</file>
            <description>Returns the locations that Twitter has trending topic information for,
                closest to a specified
                location. The response is an array of 'locations' that encode the location’s WOEID
                and some other
                human-readable information such as a canonical name and country the location belongs
                in.
                A WOEID is a Yahoo! Where On Earth ID.
            </description>
        </component>
    </subComponents>
</component>
