<?xml version="1.0" encoding="UTF-8"?>
<!--
 ~  Copyright (c) 2016, WSO2 Inc. (http://www.wso2.org) All Rights Reserved.
 ~
 ~  WSO2 Inc. licenses this file to you under the Apache License,
 ~  Version 2.0 (the "License"); you may not use this file except
 ~  in compliance with the License.
 ~  You may obtain a copy of the License at
 ~
 ~    http://www.apache.org/licenses/LICENSE-2.0
 ~
 ~  Unless required by applicable law or agreed to in writing,
 ~  software distributed under the License is distributed on an
 ~  "AS IS" BASIS, WITHOUT WARRANTIES OR CONDITIONS OF ANY
 ~  KIND, either express or implied.  See the License for the
 ~  specific language governing permissions and limitations
 ~  under the License.
-->
<template xmlns="http://ws.apache.org/ns/synapse" name="getTrendsClosest">
    <parameter name="latitude"
               description="If provided with a long parameter the available trend locations will be sorted by distance, nearest to furthest, to the co-ordinate pair."/>
    <parameter name="longitude"
               description="If provided with a lat parameter the available trend locations will be sorted by distance, nearest to furthest, to the co-ordinate pair."/>
    <sequence>
        <class name="org.wso2.carbon.connector.twitter.RemoveTwitterContext"/>
        <property name="uri.var.latitude" expression="$func:latitude"/>
        <property name="uri.var.longitude" expression="$func:longitude"/>
        <script language="js">
            <![CDATA[
                var latitude = mc.getProperty('uri.var.latitude');
                var longitude = mc.getProperty('uri.var.longitude');

                //required url param variables
                uriParams = 'lat=' + latitude + '&';
                latitude = 'lat=' + encodeURIComponent(latitude);
                mc.setProperty('uri.var.latitude', latitude)

                uriParams = 'long=' + longitude + '&';
                longitude = 'long=' + encodeURIComponent(longitude);
                mc.setProperty('uri.var.longitude', longitude)

                if(uriParams != ''){
                    mc.setProperty('uri.var.uriParams' , uriParams.toString().substring(0, uriParams.toString().lastIndexOf("&")));
                }
            ]]>
        </script>
        <property name="uri.var.apiUrl.final"
                  expression="fn:concat(get-property('uri.var.apiUrl'),'/1.1/trends/closest.json')"/>
        <property name="uri.var.httpMethod" value="GET"/>
        <class name="org.wso2.carbon.connector.twitter.TwitterSignatureGeneration"/>
        <header name="Authorization" expression="get-property('uri.var.signature')" scope="transport"/>
        <call>
            <endpoint>
                <http method="get"
                      uri-template="legacy-encoding:{uri.var.apiUrl}/1.1/trends/closest.json?{uri.var.uriParams}"/>
            </endpoint>
        </call>
        <!-- Remove custom header information in response -->
        <header name="x-access-level" scope="transport" action="remove"/>
        <header name="x-twitter-response-tags" scope="transport" action="remove"/>
        <header name="x-transaction" scope="transport" action="remove"/>
        <header name="x-response-time" scope="transport" action="remove"/>
        <header name="x-connection-hash" scope="transport" action="remove"/>
        <header name="x-content-type-options" scope="transport" action="remove"/>
        <header name="x-frame-options" scope="transport" action="remove"/>
        <header name="x-rate-limit-limit" scope="transport" action="remove"/>
        <header name="x-rate-limit-remaining" scope="transport" action="remove"/>
        <header name="x-rate-limit-reset" scope="transport" action="remove"/>
        <header name="x-xss-protection" scope="transport" action="remove"/>
    </sequence>
</template>