{
  "id": "http:\/\/wso2jsonschema.org",
  "title": "root",
  "$schema": "http:\/\/json-schema.org\/draft-04\/schema#",
  "properties": {
    "includeEntities": {
      "id": "http:\/\/wso2jsonschema.org\/includeEntities",
      "type": "string",
      "nullable": "true"
    },
    "cursor": {
      "id": "http:\/\/wso2jsonschema.org\/cursor",
      "type": "string",
      "nullable": "true"
    },
    "skipStatus": {
      "id": "http:\/\/wso2jsonschema.org\/skipStatus",
      "type": "string",
      "nullable": "true"
    }
  },
  "type": "object"
}