<?xml version="1.0" encoding="UTF-8"?>
<!--
 ~  Copyright (c) 2016, WSO2 Inc. (http://www.wso2.org) All Rights Reserved.
 ~
 ~  WSO2 Inc. licenses this file to you under the Apache License,
 ~  Version 2.0 (the "License"); you may not use this file except
 ~  in compliance with the License.
 ~  You may obtain a copy of the License at
 ~
 ~    http://www.apache.org/licenses/LICENSE-2.0
 ~
 ~  Unless required by applicable law or agreed to in writing,
 ~  software distributed under the License is distributed on an
 ~  "AS IS" BASIS, WITHOUT WARRANTIES OR CONDITIONS OF ANY
 ~  KIND, either express or implied.  See the License for the
 ~  specific language governing permissions and limitations
 ~  under the License.
-->
<component name="twitter_friends_followers" type="synapse/template">
    <subComponents>
        <component name="getFriendsIds">
            <file>getFriendsIds.xml</file>
            <description>Returns a cursored collection of user IDs for every user the specified user
                is following
                (otherwise known as their 'friends').
            </description>
        </component>
        <component name="getFriendshipsNoReweetsIds">
            <file>getFriendshipsNoRetweetsIds.xml</file>
            <description>Returns a collection of user_ids that the currently authenticated user does
                not want to receive
                re tweets from.
                Use POST friendships / update to set the 'no re tweets' status for a given user
                account on behalf of the
                current user.
            </description>
        </component>
        <component name="getFriendshipsIncoming">
            <file>getFriendshipsIncoming.xml</file>
            <description>Returns a collection of numeric IDs for every user who has a pending
                request to follow the
                authenticating user.
            </description>
        </component>
        <component name="getFriendshipsOutgoing">
            <file>getFriendshipsOutgoing.xml</file>
            <description>Returns a collection of numeric IDs for every protected user for whom the
                authenticating user
                has a pending follow request.
            </description>
        </component>
        <component name="createFriendships">
            <file>createFriendships.xml</file>
            <description>Allows the authenticating users to follow the user specified in the ID
                parameter.
            </description>
        </component>
        <component name="destroyFriendships">
            <file>destroyFriendships.xml</file>
            <description>Allows the authenticating user to un follow the user specified in the ID
                parameter.
                Returns the un followed user in the requested format when successful. Returns a
                string describing the
                failure condition when unsuccessful.
                Actions taken in this method are asynchronous and changes will be eventually
                consistent.
            </description>
        </component>
        <component name="updateFriendships">
            <file>updateFriendships.xml</file>
            <description>Allows one to enable or disable re tweets and device notifications from the
                specified user.
            </description>
        </component>
        <component name="getFriendshipsShow">
            <file>getFriendshipsShow.xml</file>
            <description>Returns detailed information about the relationship between two arbitrary
                users.
            </description>
        </component>
        <component name="getFriendsList">
            <file>getFriendsList.xml</file>
            <description>Returns a cursored collection of user objects for every user the specified
                user is following
                (otherwise known as their 'friends').
            </description>
        </component>
        <component name="getFriendshipsLookup">
            <file>getFriendshipsLookup.xml</file>
            <description>Returns the relationships of the authenticating user to the comma-separated
                list of up to 100
                screen_names or user_ids provided. Values for connections can be: following,
                following_requested,
                followed_by, none, blocking, muting.
            </description>
        </component>
        <component name="getFollowersIds">
            <file>getFollowersIds.xml</file>
            <description>Returns a cursored collection of user IDs for every user following the
                specified user.
            </description>
        </component>
        <component name="getFollowersList">
            <file>getFollowersList.xml</file>
            <description>Returns a cursored collection of user objects for users following the
                specified user.
            </description>
        </component>
    </subComponents>
</component>