{
  "id": "http:\/\/wso2jsonschema.org",
  "title": "root",
  "$schema": "http:\/\/json-schema.org\/draft-04\/schema#",
  "items": [
    {
      "id": "http:\/\/wso2jsonschema.org\/root\/0",
      "properties": {
        "retweeted_status": {
          "id": "http:\/\/wso2jsonschema.org\/root\/0\/retweeted_status",
          "properties": {
            "contributors": {
              "id": "http:\/\/wso2jsonschema.org\/root\/0\/retweeted_status\/contributors",
              "items": [
                {
                  "id": "http:\/\/wso2jsonschema.org\/root\/0\/retweeted_status\/contributors\/0",
                  "type": "number"
                }
              ],
              "type": "array"
            },
            "text": {
              "id": "http:\/\/wso2jsonschema.org\/root\/0\/retweeted_status\/text",
              "type": "string"
            },
            "geo": {
              "id": "http:\/\/wso2jsonschema.org\/root\/0\/retweeted_status\/geo",
              "properties": {
                "type": {
                  "id": "http:\/\/wso2jsonschema.org\/root\/0\/retweeted_status\/geo\/type",
                  "type": "string"
                },
                "coordinates": {
                  "id": "http:\/\/wso2jsonschema.org\/root\/0\/retweeted_status\/geo\/coordinates",
                  "items": [
                    {
                      "id": "http:\/\/wso2jsonschema.org\/root\/0\/retweeted_status\/geo\/coordinates\/0",
                      "type": "number"
                    }
                  ],
                  "type": "array"
                }
              },
              "type": "object"
            },
            "retweeted": {
              "id": "http:\/\/wso2jsonschema.org\/root\/0\/retweeted_status\/retweeted",
              "type": "boolean"
            },
            "in_reply_to_screen_name": {
              "id": "http:\/\/wso2jsonschema.org\/root\/0\/retweeted_status\/in_reply_to_screen_name",
              "type": "string"
            },
            "truncated": {
              "id": "http:\/\/wso2jsonschema.org\/root\/0\/retweeted_status\/truncated",
              "type": "boolean"
            },
            "lang": {
              "id": "http:\/\/wso2jsonschema.org\/root\/0\/retweeted_status\/lang",
              "type": "string"
            },
            "entities": {
              "id": "http:\/\/wso2jsonschema.org\/root\/0\/retweeted_status\/entities",
              "properties": {
                "symbols": {
                  "id": "http:\/\/wso2jsonschema.org\/root\/0\/retweeted_status\/entities\/symbols",
                  "items": [],
                  "type": "array"
                },
                "urls": {
                  "id": "http:\/\/wso2jsonschema.org\/root\/0\/retweeted_status\/entities\/urls",
                  "items": [],
                  "type": "array"
                },
                "hashtags": {
                  "id": "http:\/\/wso2jsonschema.org\/root\/0\/retweeted_status\/entities\/hashtags",
                  "items": [],
                  "type": "array"
                },
                "user_mentions": {
                  "id": "http:\/\/wso2jsonschema.org\/root\/0\/retweeted_status\/entities\/user_mentions",
                  "items": [],
                  "type": "array"
                }
              },
              "type": "object"
            },
            "in_reply_to_status_id_str": {
              "id": "http:\/\/wso2jsonschema.org\/root\/0\/retweeted_status\/in_reply_to_status_id_str",
              "type": "string"
            },
            "is_quote_status": {
              "id": "http:\/\/wso2jsonschema.org\/root\/0\/retweeted_status\/is_quote_status",
              "type": "boolean"
            },
            "id": {
              "id": "http:\/\/wso2jsonschema.org\/root\/0\/retweeted_status\/id",
              "type": "number"
            },
            "source": {
              "id": "http:\/\/wso2jsonschema.org\/root\/0\/retweeted_status\/source",
              "type": "string"
            },
            "in_reply_to_user_id_str": {
              "id": "http:\/\/wso2jsonschema.org\/root\/0\/retweeted_status\/in_reply_to_user_id_str",
              "type": "string"
            },
            "favorited": {
              "id": "http:\/\/wso2jsonschema.org\/root\/0\/retweeted_status\/favorited",
              "type": "boolean"
            },
            "in_reply_to_status_id": {
              "id": "http:\/\/wso2jsonschema.org\/root\/0\/retweeted_status\/in_reply_to_status_id",
              "type": "number"
            },
            "retweet_count": {
              "id": "http:\/\/wso2jsonschema.org\/root\/0\/retweeted_status\/retweet_count",
              "type": "number"
            },
            "created_at": {
              "id": "http:\/\/wso2jsonschema.org\/root\/0\/retweeted_status\/created_at",
              "type": "string"
            },
            "in_reply_to_user_id": {
              "id": "http:\/\/wso2jsonschema.org\/root\/0\/retweeted_status\/in_reply_to_user_id",
              "type": "number"
            },
            "favorite_count": {
              "id": "http:\/\/wso2jsonschema.org\/root\/0\/retweeted_status\/favorite_count",
              "type": "number"
            },
            "id_str": {
              "id": "http:\/\/wso2jsonschema.org\/root\/0\/retweeted_status\/id_str",
              "type": "string"
            },
            "place": {
              "id": "http:\/\/wso2jsonschema.org\/root\/0\/retweeted_status\/place",
              "type": "string"
            },
            "user": {
              "id": "http:\/\/wso2jsonschema.org\/root\/0\/retweeted_status\/user",
              "properties": {
                "location": {
                  "id": "http:\/\/wso2jsonschema.org\/root\/0\/retweeted_status\/user\/location",
                  "type": "string"
                },
                "default_profile": {
                  "id": "http:\/\/wso2jsonschema.org\/root\/0\/retweeted_status\/user\/default_profile",
                  "type": "boolean"
                },
                "profile_background_tile": {
                  "id": "http:\/\/wso2jsonschema.org\/root\/0\/retweeted_status\/user\/profile_background_tile",
                  "type": "boolean"
                },
                "statuses_count": {
                  "id": "http:\/\/wso2jsonschema.org\/root\/0\/retweeted_status\/user\/statuses_count",
                  "type": "number"
                },
                "lang": {
                  "id": "http:\/\/wso2jsonschema.org\/root\/0\/retweeted_status\/user\/lang",
                  "type": "string"
                },
                "profile_link_color": {
                  "id": "http:\/\/wso2jsonschema.org\/root\/0\/retweeted_status\/user\/profile_link_color",
                  "type": "string"
                },
                "profile_banner_url": {
                  "id": "http:\/\/wso2jsonschema.org\/root\/0\/retweeted_status\/user\/profile_banner_url",
                  "type": "string"
                },
                "id": {
                  "id": "http:\/\/wso2jsonschema.org\/root\/0\/retweeted_status\/user\/id",
                  "type": "number"
                },
                "following": {
                  "id": "http:\/\/wso2jsonschema.org\/root\/0\/retweeted_status\/user\/following",
                  "type": "boolean"
                },
                "protected": {
                  "id": "http:\/\/wso2jsonschema.org\/root\/0\/retweeted_status\/user\/protected",
                  "type": "boolean"
                },
                "favourites_count": {
                  "id": "http:\/\/wso2jsonschema.org\/root\/0\/retweeted_status\/user\/favourites_count",
                  "type": "number"
                },
                "profile_text_color": {
                  "id": "http:\/\/wso2jsonschema.org\/root\/0\/retweeted_status\/user\/profile_text_color",
                  "type": "string"
                },
                "description": {
                  "id": "http:\/\/wso2jsonschema.org\/root\/0\/retweeted_status\/user\/description",
                  "type": "string"
                },
                "verified": {
                  "id": "http:\/\/wso2jsonschema.org\/root\/0\/retweeted_status\/user\/verified",
                  "type": "boolean"
                },
                "contributors_enabled": {
                  "id": "http:\/\/wso2jsonschema.org\/root\/0\/retweeted_status\/user\/contributors_enabled",
                  "type": "boolean"
                },
                "profile_sidebar_border_color": {
                  "id": "http:\/\/wso2jsonschema.org\/root\/0\/retweeted_status\/user\/profile_sidebar_border_color",
                  "type": "string"
                },
                "name": {
                  "id": "http:\/\/wso2jsonschema.org\/root\/0\/retweeted_status\/user\/name",
                  "type": "string"
                },
                "profile_background_color": {
                  "id": "http:\/\/wso2jsonschema.org\/root\/0\/retweeted_status\/user\/profile_background_color",
                  "type": "string"
                },
                "created_at": {
                  "id": "http:\/\/wso2jsonschema.org\/root\/0\/retweeted_status\/user\/created_at",
                  "type": "string"
                },
                "is_translation_enabled": {
                  "id": "http:\/\/wso2jsonschema.org\/root\/0\/retweeted_status\/user\/is_translation_enabled",
                  "type": "boolean"
                },
                "default_profile_image": {
                  "id": "http:\/\/wso2jsonschema.org\/root\/0\/retweeted_status\/user\/default_profile_image",
                  "type": "boolean"
                },
                "followers_count": {
                  "id": "http:\/\/wso2jsonschema.org\/root\/0\/retweeted_status\/user\/followers_count",
                  "type": "number"
                },
                "has_extended_profile": {
                  "id": "http:\/\/wso2jsonschema.org\/root\/0\/retweeted_status\/user\/has_extended_profile",
                  "type": "boolean"
                },
                "profile_image_url_https": {
                  "id": "http:\/\/wso2jsonschema.org\/root\/0\/retweeted_status\/user\/profile_image_url_https",
                  "type": "string"
                },
                "geo_enabled": {
                  "id": "http:\/\/wso2jsonschema.org\/root\/0\/retweeted_status\/user\/geo_enabled",
                  "type": "boolean"
                },
                "profile_background_image_url": {
                  "id": "http:\/\/wso2jsonschema.org\/root\/0\/retweeted_status\/user\/profile_background_image_url",
                  "type": "string"
                },
                "profile_background_image_url_https": {
                  "id": "http:\/\/wso2jsonschema.org\/root\/0\/retweeted_status\/user\/profile_background_image_url_https",
                  "type": "string"
                },
                "follow_request_sent": {
                  "id": "http:\/\/wso2jsonschema.org\/root\/0\/retweeted_status\/user\/follow_request_sent",
                  "type": "boolean"
                },
                "entities": {
                  "id": "http:\/\/wso2jsonschema.org\/root\/0\/retweeted_status\/user\/entities",
                  "properties": {
                    "description": {
                      "id": "http:\/\/wso2jsonschema.org\/root\/0\/retweeted_status\/user\/entities\/description",
                      "properties": {
                        "urls": {
                          "id": "http:\/\/wso2jsonschema.org\/root\/0\/retweeted_status\/user\/entities\/description\/urls",
                          "items": [],
                          "type": "array"
                        }
                      },
                      "type": "object"
                    },
                    "url": {
                      "id": "http:\/\/wso2jsonschema.org\/root\/0\/retweeted_status\/user\/entities\/url",
                      "properties": {
                        "urls": {
                          "id": "http:\/\/wso2jsonschema.org\/root\/0\/retweeted_status\/user\/entities\/url\/urls",
                          "items": [
                            {
                              "id": "http:\/\/wso2jsonschema.org\/root\/0\/retweeted_status\/user\/entities\/url\/urls\/0",
                              "properties": {
                                "expanded_url": {
                                  "id": "http:\/\/wso2jsonschema.org\/root\/0\/retweeted_status\/user\/entities\/url\/urls\/0\/expanded_url",
                                  "type": "string"
                                },
                                "indices": {
                                  "id": "http:\/\/wso2jsonschema.org\/root\/0\/retweeted_status\/user\/entities\/url\/urls\/0\/indices",
                                  "items": [
                                    {
                                      "id": "http:\/\/wso2jsonschema.org\/root\/0\/retweeted_status\/user\/entities\/url\/urls\/0\/indices\/0",
                                      "type": "number"
                                    }
                                  ],
                                  "type": "array"
                                },
                                "display_url": {
                                  "id": "http:\/\/wso2jsonschema.org\/root\/0\/retweeted_status\/user\/entities\/url\/urls\/0\/display_url",
                                  "type": "string"
                                },
                                "url": {
                                  "id": "http:\/\/wso2jsonschema.org\/root\/0\/retweeted_status\/user\/entities\/url\/urls\/0\/url",
                                  "type": "string"
                                }
                              },
                              "type": "object"
                            }
                          ],
                          "type": "array"
                        }
                      },
                      "type": "object"
                    }
                  },
                  "type": "object"
                },
                "url": {
                  "id": "http:\/\/wso2jsonschema.org\/root\/0\/retweeted_status\/user\/url",
                  "type": "string"
                },
                "utc_offset": {
                  "id": "http:\/\/wso2jsonschema.org\/root\/0\/retweeted_status\/user\/utc_offset",
                  "type": "number"
                },
                "time_zone": {
                  "id": "http:\/\/wso2jsonschema.org\/root\/0\/retweeted_status\/user\/time_zone",
                  "type": "string"
                },
                "notifications": {
                  "id": "http:\/\/wso2jsonschema.org\/root\/0\/retweeted_status\/user\/notifications",
                  "type": "boolean"
                },
                "profile_use_background_image": {
                  "id": "http:\/\/wso2jsonschema.org\/root\/0\/retweeted_status\/user\/profile_use_background_image",
                  "type": "boolean"
                },
                "friends_count": {
                  "id": "http:\/\/wso2jsonschema.org\/root\/0\/retweeted_status\/user\/friends_count",
                  "type": "number"
                },
                "profile_sidebar_fill_color": {
                  "id": "http:\/\/wso2jsonschema.org\/root\/0\/retweeted_status\/user\/profile_sidebar_fill_color",
                  "type": "string"
                },
                "screen_name": {
                  "id": "http:\/\/wso2jsonschema.org\/root\/0\/retweeted_status\/user\/screen_name",
                  "type": "string"
                },
                "id_str": {
                  "id": "http:\/\/wso2jsonschema.org\/root\/0\/retweeted_status\/user\/id_str",
                  "type": "string"
                },
                "profile_image_url": {
                  "id": "http:\/\/wso2jsonschema.org\/root\/0\/retweeted_status\/user\/profile_image_url",
                  "type": "string"
                },
                "listed_count": {
                  "id": "http:\/\/wso2jsonschema.org\/root\/0\/retweeted_status\/user\/listed_count",
                  "type": "number"
                },
                "is_translator": {
                  "id": "http:\/\/wso2jsonschema.org\/root\/0\/retweeted_status\/user\/is_translator",
                  "type": "boolean"
                }
              },
              "type": "object"
            },
            "coordinates": {
              "id": "http:\/\/wso2jsonschema.org\/root\/0\/retweeted_status\/coordinates",
              "items": [
                {
                  "id": "http:\/\/wso2jsonschema.org\/root\/0\/retweeted_status\/coordinates\/0",
                  "type": "array"
                }
              ],
              "type": "array"
            }
          },
          "type": "object"
        },
        "contributors": {
          "id": "http:\/\/wso2jsonschema.org\/root\/0\/contributors",
          "items": [
            {
              "id": "http:\/\/wso2jsonschema.org\/root\/0\/contributors\/0",
              "type": "number"
            }
          ],
          "type": "array"
        },
        "text": {
          "id": "http:\/\/wso2jsonschema.org\/root\/0\/text",
          "type": "string"
        },
        "geo": {
          "id": "http:\/\/wso2jsonschema.org\/root\/0\/geo",
          "properties": {
            "type": {
              "id": "http:\/\/wso2jsonschema.org\/root\/0\/geo\/type",
              "type": "string"
            },
            "coordinates": {
              "id": "http:\/\/wso2jsonschema.org\/root\/0\/geo\/coordinates",
              "items": [
                {
                  "id": "http:\/\/wso2jsonschema.org\/root\/0\/geo\/coordinates\/0",
                  "type": "number"
                }
              ],
              "type": "array"
            }
          },
          "type": "object"
        },
        "retweeted": {
          "id": "http:\/\/wso2jsonschema.org\/root\/0\/retweeted",
          "type": "boolean"
        },
        "in_reply_to_screen_name": {
          "id": "http:\/\/wso2jsonschema.org\/root\/0\/in_reply_to_screen_name",
          "type": "string"
        },
        "truncated": {
          "id": "http:\/\/wso2jsonschema.org\/root\/0\/truncated",
          "type": "boolean"
        },
        "lang": {
          "id": "http:\/\/wso2jsonschema.org\/root\/0\/lang",
          "type": "string"
        },
        "entities": {
          "id": "http:\/\/wso2jsonschema.org\/root\/0\/entities",
          "properties": {
            "symbols": {
              "id": "http:\/\/wso2jsonschema.org\/root\/0\/entities\/symbols",
              "items": [],
              "type": "array"
            },
            "urls": {
              "id": "http:\/\/wso2jsonschema.org\/root\/0\/entities\/urls",
              "items": [],
              "type": "array"
            },
            "hashtags": {
              "id": "http:\/\/wso2jsonschema.org\/root\/0\/entities\/hashtags",
              "items": [],
              "type": "array"
            },
            "user_mentions": {
              "id": "http:\/\/wso2jsonschema.org\/root\/0\/entities\/user_mentions",
              "items": [
                {
                  "id": "http:\/\/wso2jsonschema.org\/root\/0\/entities\/user_mentions\/0",
                  "properties": {
                    "id": {
                      "id": "http:\/\/wso2jsonschema.org\/root\/0\/entities\/user_mentions\/0\/id",
                      "type": "number"
                    },
                    "name": {
                      "id": "http:\/\/wso2jsonschema.org\/root\/0\/entities\/user_mentions\/0\/name",
                      "type": "string"
                    },
                    "indices": {
                      "id": "http:\/\/wso2jsonschema.org\/root\/0\/entities\/user_mentions\/0\/indices",
                      "items": [
                        {
                          "id": "http:\/\/wso2jsonschema.org\/root\/0\/entities\/user_mentions\/0\/indices\/0",
                          "type": "number"
                        }
                      ],
                      "type": "array"
                    },
                    "screen_name": {
                      "id": "http:\/\/wso2jsonschema.org\/root\/0\/entities\/user_mentions\/0\/screen_name",
                      "type": "string"
                    },
                    "id_str": {
                      "id": "http:\/\/wso2jsonschema.org\/root\/0\/entities\/user_mentions\/0\/id_str",
                      "type": "string"
                    }
                  },
                  "type": "object"
                }
              ],
              "type": "array"
            }
          },
          "type": "object"
        },
        "in_reply_to_status_id_str": {
          "id": "http:\/\/wso2jsonschema.org\/root\/0\/in_reply_to_status_id_str",
          "type": "string"
        },
        "is_quote_status": {
          "id": "http:\/\/wso2jsonschema.org\/root\/0\/is_quote_status",
          "type": "boolean"
        },
        "id": {
          "id": "http:\/\/wso2jsonschema.org\/root\/0\/id",
          "type": "number"
        },
        "source": {
          "id": "http:\/\/wso2jsonschema.org\/root\/0\/source",
          "type": "string"
        },
        "in_reply_to_user_id_str": {
          "id": "http:\/\/wso2jsonschema.org\/root\/0\/in_reply_to_user_id_str",
          "type": "string"
        },
        "favorited": {
          "id": "http:\/\/wso2jsonschema.org\/root\/0\/favorited",
          "type": "boolean"
        },
        "in_reply_to_status_id": {
          "id": "http:\/\/wso2jsonschema.org\/root\/0\/in_reply_to_status_id",
          "type": "number"
        },
        "retweet_count": {
          "id": "http:\/\/wso2jsonschema.org\/root\/0\/retweet_count",
          "type": "number"
        },
        "created_at": {
          "id": "http:\/\/wso2jsonschema.org\/root\/0\/created_at",
          "type": "string"
        },
        "in_reply_to_user_id": {
          "id": "http:\/\/wso2jsonschema.org\/root\/0\/in_reply_to_user_id",
          "type": "number"
        },
        "favorite_count": {
          "id": "http:\/\/wso2jsonschema.org\/root\/0\/favorite_count",
          "type": "number"
        },
        "id_str": {
          "id": "http:\/\/wso2jsonschema.org\/root\/0\/id_str",
          "type": "string"
        },
        "place": {
          "id": "http:\/\/wso2jsonschema.org\/root\/0\/place",
          "type": "string"
        },
        "user": {
          "id": "http:\/\/wso2jsonschema.org\/root\/0\/user",
          "properties": {
            "location": {
              "id": "http:\/\/wso2jsonschema.org\/root\/0\/user\/location",
              "type": "string"
            },
            "default_profile": {
              "id": "http:\/\/wso2jsonschema.org\/root\/0\/user\/default_profile",
              "type": "boolean"
            },
            "profile_background_tile": {
              "id": "http:\/\/wso2jsonschema.org\/root\/0\/user\/profile_background_tile",
              "type": "boolean"
            },
            "statuses_count": {
              "id": "http:\/\/wso2jsonschema.org\/root\/0\/user\/statuses_count",
              "type": "number"
            },
            "lang": {
              "id": "http:\/\/wso2jsonschema.org\/root\/0\/user\/lang",
              "type": "string"
            },
            "profile_link_color": {
              "id": "http:\/\/wso2jsonschema.org\/root\/0\/user\/profile_link_color",
              "type": "string"
            },
            "id": {
              "id": "http:\/\/wso2jsonschema.org\/root\/0\/user\/id",
              "type": "number"
            },
            "following": {
              "id": "http:\/\/wso2jsonschema.org\/root\/0\/user\/following",
              "type": "boolean"
            },
            "protected": {
              "id": "http:\/\/wso2jsonschema.org\/root\/0\/user\/protected",
              "type": "boolean"
            },
            "favourites_count": {
              "id": "http:\/\/wso2jsonschema.org\/root\/0\/user\/favourites_count",
              "type": "number"
            },
            "profile_text_color": {
              "id": "http:\/\/wso2jsonschema.org\/root\/0\/user\/profile_text_color",
              "type": "string"
            },
            "description": {
              "id": "http:\/\/wso2jsonschema.org\/root\/0\/user\/description",
              "type": "string"
            },
            "verified": {
              "id": "http:\/\/wso2jsonschema.org\/root\/0\/user\/verified",
              "type": "boolean"
            },
            "contributors_enabled": {
              "id": "http:\/\/wso2jsonschema.org\/root\/0\/user\/contributors_enabled",
              "type": "boolean"
            },
            "profile_sidebar_border_color": {
              "id": "http:\/\/wso2jsonschema.org\/root\/0\/user\/profile_sidebar_border_color",
              "type": "string"
            },
            "name": {
              "id": "http:\/\/wso2jsonschema.org\/root\/0\/user\/name",
              "type": "string"
            },
            "profile_background_color": {
              "id": "http:\/\/wso2jsonschema.org\/root\/0\/user\/profile_background_color",
              "type": "string"
            },
            "created_at": {
              "id": "http:\/\/wso2jsonschema.org\/root\/0\/user\/created_at",
              "type": "string"
            },
            "is_translation_enabled": {
              "id": "http:\/\/wso2jsonschema.org\/root\/0\/user\/is_translation_enabled",
              "type": "boolean"
            },
            "default_profile_image": {
              "id": "http:\/\/wso2jsonschema.org\/root\/0\/user\/default_profile_image",
              "type": "boolean"
            },
            "followers_count": {
              "id": "http:\/\/wso2jsonschema.org\/root\/0\/user\/followers_count",
              "type": "number"
            },
            "has_extended_profile": {
              "id": "http:\/\/wso2jsonschema.org\/root\/0\/user\/has_extended_profile",
              "type": "boolean"
            },
            "profile_image_url_https": {
              "id": "http:\/\/wso2jsonschema.org\/root\/0\/user\/profile_image_url_https",
              "type": "string"
            },
            "geo_enabled": {
              "id": "http:\/\/wso2jsonschema.org\/root\/0\/user\/geo_enabled",
              "type": "boolean"
            },
            "profile_background_image_url": {
              "id": "http:\/\/wso2jsonschema.org\/root\/0\/user\/profile_background_image_url",
              "type": "string"
            },
            "profile_background_image_url_https": {
              "id": "http:\/\/wso2jsonschema.org\/root\/0\/user\/profile_background_image_url_https",
              "type": "string"
            },
            "follow_request_sent": {
              "id": "http:\/\/wso2jsonschema.org\/root\/0\/user\/follow_request_sent",
              "type": "boolean"
            },
            "entities": {
              "id": "http:\/\/wso2jsonschema.org\/root\/0\/user\/entities",
              "properties": {
                "description": {
                  "id": "http:\/\/wso2jsonschema.org\/root\/0\/user\/entities\/description",
                  "properties": {
                    "urls": {
                      "id": "http:\/\/wso2jsonschema.org\/root\/0\/user\/entities\/description\/urls",
                      "items": [],
                      "type": "array"
                    }
                  },
                  "type": "object"
                }
              },
              "type": "object"
            },
            "url": {
              "id": "http:\/\/wso2jsonschema.org\/root\/0\/user\/url",
              "type": "string"
            },
            "utc_offset": {
              "id": "http:\/\/wso2jsonschema.org\/root\/0\/user\/utc_offset",
              "type": "number"
            },
            "time_zone": {
              "id": "http:\/\/wso2jsonschema.org\/root\/0\/user\/time_zone",
              "type": "string"
            },
            "notifications": {
              "id": "http:\/\/wso2jsonschema.org\/root\/0\/user\/notifications",
              "type": "boolean"
            },
            "profile_use_background_image": {
              "id": "http:\/\/wso2jsonschema.org\/root\/0\/user\/profile_use_background_image",
              "type": "boolean"
            },
            "friends_count": {
              "id": "http:\/\/wso2jsonschema.org\/root\/0\/user\/friends_count",
              "type": "number"
            },
            "profile_sidebar_fill_color": {
              "id": "http:\/\/wso2jsonschema.org\/root\/0\/user\/profile_sidebar_fill_color",
              "type": "string"
            },
            "screen_name": {
              "id": "http:\/\/wso2jsonschema.org\/root\/0\/user\/screen_name",
              "type": "string"
            },
            "id_str": {
              "id": "http:\/\/wso2jsonschema.org\/root\/0\/user\/id_str",
              "type": "string"
            },
            "profile_image_url": {
              "id": "http:\/\/wso2jsonschema.org\/root\/0\/user\/profile_image_url",
              "type": "string"
            },
            "listed_count": {
              "id": "http:\/\/wso2jsonschema.org\/root\/0\/user\/listed_count",
              "type": "number"
            },
            "is_translator": {
              "id": "http:\/\/wso2jsonschema.org\/root\/0\/user\/is_translator",
              "type": "boolean"
            }
          },
          "type": "object"
        },
        "coordinates": {
          "id": "http:\/\/wso2jsonschema.org\/root\/0\/coordinates",
          "items": [
            {
              "id": "http:\/\/wso2jsonschema.org\/root\/0\/coordinates\/0",
              "type": "array"
            }
          ],
          "type": "array"
        }
      },
      "type": "object"
    }
  ],
  "type": "array"
}