{
  "id": "http:\/\/wso2jsonschema.org",
  "title": "root",
  "$schema": "http:\/\/json-schema.org\/draft-04\/schema#",
  "properties": {
    "description": {
      "id": "http:\/\/wso2jsonschema.org\/description",
      "type": "string",
      "nullable": "true"
    },
    "name": {
      "id": "http:\/\/wso2jsonschema.org\/name",
      "type": "string"
    },
    "mode": {
      "id": "http:\/\/wso2jsonschema.org\/mode",
      "type": "string",
      "nullable": "true"
    }
  },
  "type": "object"
}