{
  "id": "http:\/\/wso2jsonschema.org",
  "title": "root",
  "$schema": "http:\/\/json-schema.org\/draft-04\/schema#",
  "properties": {
    "userID": {
      "id": "http:\/\/wso2jsonschema.org\/userID",
      "type": "string",
      "nullable": "true"
    },
    "cursor": {
      "id": "http:\/\/wso2jsonschema.org\/cursor",
      "type": "string",
      "nullable": "true"
    },
    "count": {
      "id": "http:\/\/wso2jsonschema.org\/count",
      "type": "string",
      "nullable": "true"
    },
    "screenName": {
      "id": "http:\/\/wso2jsonschema.org\/screenName",
      "type": "string",
      "nullable": "true"
    }
  },
  "type": "object"
}