{
  "id": "http:\/\/wso2jsonschema.org",
  "title": "root",
  "$schema": "http:\/\/json-schema.org\/draft-04\/schema#",
  "properties": {
    "ownerScreenName": {
      "id": "http:\/\/wso2jsonschema.org\/ownerScreenName",
      "type": "string",
      "nullable": "true"
    },
    "listId": {
      "id": "http:\/\/wso2jsonschema.org\/listId",
      "type": "string",
      "nullable": "true"
    },
    "description": {
      "id": "http:\/\/wso2jsonschema.org\/description",
      "type": "string",
      "nullable": "true"
    },
    "ownerId": {
      "id": "http:\/\/wso2jsonschema.org\/ownerId",
      "type": "string",
      "nullable": "true"
    },
    "name": {
      "id": "http:\/\/wso2jsonschema.org\/name",
      "type": "string",
      "nullable": "true"
    },
    "slug": {
      "id": "http:\/\/wso2jsonschema.org\/slug",
      "type": "string",
      "nullable": "true"
    },
    "mode": {
      "id": "http:\/\/wso2jsonschema.org\/mode",
      "type": "string",
      "nullable": "true"
    }
  },
  "type": "object"
}