{
  "id": "http:\/\/wso2jsonschema.org",
  "title": "root",
  "$schema": "http:\/\/json-schema.org\/draft-04\/schema#",
  "properties": {
    "next_cursor": {
      "id": "http:\/\/wso2jsonschema.org\/next_cursor",
      "type": "number"
    },
    "users": {
      "id": "http:\/\/wso2jsonschema.org\/users",
      "items": [
        {
          "id": "http:\/\/wso2jsonschema.org\/users\/0",
          "properties": {
            "location": {
              "id": "http:\/\/wso2jsonschema.org\/users\/0\/location",
              "type": "string"
            },
            "default_profile": {
              "id": "http:\/\/wso2jsonschema.org\/users\/0\/default_profile",
              "type": "boolean"
            },
            "profile_background_tile": {
              "id": "http:\/\/wso2jsonschema.org\/users\/0\/profile_background_tile",
              "type": "boolean"
            },
            "statuses_count": {
              "id": "http:\/\/wso2jsonschema.org\/users\/0\/statuses_count",
              "type": "number"
            },
            "lang": {
              "id": "http:\/\/wso2jsonschema.org\/users\/0\/lang",
              "type": "string"
            },
            "profile_link_color": {
              "id": "http:\/\/wso2jsonschema.org\/users\/0\/profile_link_color",
              "type": "string"
            },
            "id": {
              "id": "http:\/\/wso2jsonschema.org\/users\/0\/id",
              "type": "number"
            },
            "following": {
              "id": "http:\/\/wso2jsonschema.org\/users\/0\/following",
              "type": "boolean"
            },
            "muting": {
              "id": "http:\/\/wso2jsonschema.org\/users\/0\/muting",
              "type": "boolean"
            },
            "protected": {
              "id": "http:\/\/wso2jsonschema.org\/users\/0\/protected",
              "type": "boolean"
            },
            "favourites_count": {
              "id": "http:\/\/wso2jsonschema.org\/users\/0\/favourites_count",
              "type": "number"
            },
            "profile_text_color": {
              "id": "http:\/\/wso2jsonschema.org\/users\/0\/profile_text_color",
              "type": "string"
            },
            "description": {
              "id": "http:\/\/wso2jsonschema.org\/users\/0\/description",
              "type": "string"
            },
            "verified": {
              "id": "http:\/\/wso2jsonschema.org\/users\/0\/verified",
              "type": "boolean"
            },
            "contributors_enabled": {
              "id": "http:\/\/wso2jsonschema.org\/users\/0\/contributors_enabled",
              "type": "boolean"
            },
            "profile_sidebar_border_color": {
              "id": "http:\/\/wso2jsonschema.org\/users\/0\/profile_sidebar_border_color",
              "type": "string"
            },
            "name": {
              "id": "http:\/\/wso2jsonschema.org\/users\/0\/name",
              "type": "string"
            },
            "profile_background_color": {
              "id": "http:\/\/wso2jsonschema.org\/users\/0\/profile_background_color",
              "type": "string"
            },
            "created_at": {
              "id": "http:\/\/wso2jsonschema.org\/users\/0\/created_at",
              "type": "string"
            },
            "is_translation_enabled": {
              "id": "http:\/\/wso2jsonschema.org\/users\/0\/is_translation_enabled",
              "type": "boolean"
            },
            "default_profile_image": {
              "id": "http:\/\/wso2jsonschema.org\/users\/0\/default_profile_image",
              "type": "boolean"
            },
            "followers_count": {
              "id": "http:\/\/wso2jsonschema.org\/users\/0\/followers_count",
              "type": "number"
            },
            "profile_image_url_https": {
              "id": "http:\/\/wso2jsonschema.org\/users\/0\/profile_image_url_https",
              "type": "string"
            },
            "geo_enabled": {
              "id": "http:\/\/wso2jsonschema.org\/users\/0\/geo_enabled",
              "type": "boolean"
            },
            "profile_background_image_url": {
              "id": "http:\/\/wso2jsonschema.org\/users\/0\/profile_background_image_url",
              "type": "string"
            },
            "profile_background_image_url_https": {
              "id": "http:\/\/wso2jsonschema.org\/users\/0\/profile_background_image_url_https",
              "type": "string"
            },
            "follow_request_sent": {
              "id": "http:\/\/wso2jsonschema.org\/users\/0\/follow_request_sent",
              "type": "boolean"
            },
            "entities": {
              "id": "http:\/\/wso2jsonschema.org\/users\/0\/entities",
              "properties": {
                "description": {
                  "id": "http:\/\/wso2jsonschema.org\/users\/0\/entities\/description",
                  "properties": {
                    "urls": {
                      "id": "http:\/\/wso2jsonschema.org\/users\/0\/entities\/description\/urls",
                      "items": [],
                      "type": "array"
                    }
                  },
                  "type": "object"
                }
              },
              "type": "object"
            },
            "url": {
              "id": "http:\/\/wso2jsonschema.org\/users\/0\/url",
              "type": "string"
            },
            "utc_offset": {
              "id": "http:\/\/wso2jsonschema.org\/users\/0\/utc_offset",
              "type": "number"
            },
            "time_zone": {
              "id": "http:\/\/wso2jsonschema.org\/users\/0\/time_zone",
              "type": "string"
            },
            "notifications": {
              "id": "http:\/\/wso2jsonschema.org\/users\/0\/notifications",
              "type": "boolean"
            },
            "profile_use_background_image": {
              "id": "http:\/\/wso2jsonschema.org\/users\/0\/profile_use_background_image",
              "type": "boolean"
            },
            "friends_count": {
              "id": "http:\/\/wso2jsonschema.org\/users\/0\/friends_count",
              "type": "number"
            },
            "profile_sidebar_fill_color": {
              "id": "http:\/\/wso2jsonschema.org\/users\/0\/profile_sidebar_fill_color",
              "type": "string"
            },
            "screen_name": {
              "id": "http:\/\/wso2jsonschema.org\/users\/0\/screen_name",
              "type": "string"
            },
            "id_str": {
              "id": "http:\/\/wso2jsonschema.org\/users\/0\/id_str",
              "type": "string"
            },
            "profile_image_url": {
              "id": "http:\/\/wso2jsonschema.org\/users\/0\/profile_image_url",
              "type": "string"
            },
            "listed_count": {
              "id": "http:\/\/wso2jsonschema.org\/users\/0\/listed_count",
              "type": "number"
            },
            "is_translator": {
              "id": "http:\/\/wso2jsonschema.org\/users\/0\/is_translator",
              "type": "boolean"
            }
          },
          "type": "object"
        }
      ],
      "type": "array"
    },
    "previous_cursor_str": {
      "id": "http:\/\/wso2jsonschema.org\/previous_cursor_str",
      "type": "string"
    },
    "previous_cursor": {
      "id": "http:\/\/wso2jsonschema.org\/previous_cursor",
      "type": "number"
    },
    "next_cursor_str": {
      "id": "http:\/\/wso2jsonschema.org\/next_cursor_str",
      "type": "string"
    }
  },
  "type": "object"
}