{
  "id": "http:\/\/wso2jsonschema.org",
  "title": "root",
  "$schema": "http:\/\/json-schema.org\/draft-04\/schema#",
  "id": "http:\/\/wso2jsonschema.org\/ssss",
  "items": [
    {
      "id": "http:\/\/wso2jsonschema.org\/ssss\/0",
      "properties": {
        "name": {
          "id": "http:\/\/wso2jsonschema.org\/ssss\/0\/name",
          "type": "string"
        },
        "slug": {
          "id": "http:\/\/wso2jsonschema.org\/ssss\/0\/slug",
          "type": "string"
        },
        "size": {
          "id": "http:\/\/wso2jsonschema.org\/ssss\/0\/size",
          "type": "number"
        }
      },
      "type": "object"
    }
  ],
  "type": "array"
}