{
  "id": "http:\/\/wso2jsonschema.org",
  "title": "root",
  "$schema": "http:\/\/json-schema.org\/draft-04\/schema#",
  "properties": {
    "location": {
      "id": "http:\/\/wso2jsonschema.org\/location",
      "type": "string"
    },
    "default_profile": {
      "id": "http:\/\/wso2jsonschema.org\/default_profile",
      "type": "boolean"
    },
    "profile_background_tile": {
      "id": "http:\/\/wso2jsonschema.org\/profile_background_tile",
      "type": "boolean"
    },
    "statuses_count": {
      "id": "http:\/\/wso2jsonschema.org\/statuses_count",
      "type": "number"
    },
    "lang": {
      "id": "http:\/\/wso2jsonschema.org\/lang",
      "type": "string"
    },
    "profile_link_color": {
      "id": "http:\/\/wso2jsonschema.org\/profile_link_color",
      "type": "string"
    },
    "profile_banner_url": {
      "id": "http:\/\/wso2jsonschema.org\/profile_banner_url",
      "type": "string"
    },
    "id": {
      "id": "http:\/\/wso2jsonschema.org\/id",
      "type": "number"
    },
    "following": {
      "id": "http:\/\/wso2jsonschema.org\/following",
      "type": "boolean"
    },
    "protected": {
      "id": "http:\/\/wso2jsonschema.org\/protected",
      "type": "boolean"
    },
    "profile_location": {
      "id": "http:\/\/wso2jsonschema.org\/profile_location",
      "properties": {
        "id": {
          "id": "http:\/\/wso2jsonschema.org\/profile_location\/id",
          "type": "string"
        },
        "bounding_box": {
          "id": "http:\/\/wso2jsonschema.org\/profile_location\/bounding_box",
          "type": "string"
        },
        "place_type": {
          "id": "http:\/\/wso2jsonschema.org\/profile_location\/place_type",
          "type": "string"
        },
        "contained_within": {
          "id": "http:\/\/wso2jsonschema.org\/profile_location\/contained_within",
          "items": [],
          "type": "array"
        },
        "name": {
          "id": "http:\/\/wso2jsonschema.org\/profile_location\/name",
          "type": "string"
        },
        "attributes": {
          "id": "http:\/\/wso2jsonschema.org\/profile_location\/attributes",
          "type": "null"
        },
        "country_code": {
          "id": "http:\/\/wso2jsonschema.org\/profile_location\/country_code",
          "type": "string"
        },
        "url": {
          "id": "http:\/\/wso2jsonschema.org\/profile_location\/url",
          "type": "string"
        },
        "country": {
          "id": "http:\/\/wso2jsonschema.org\/profile_location\/country",
          "type": "string"
        },
        "full_name": {
          "id": "http:\/\/wso2jsonschema.org\/profile_location\/full_name",
          "type": "string"
        }
      },
      "type": "object"
    },
    "favourites_count": {
      "id": "http:\/\/wso2jsonschema.org\/favourites_count",
      "type": "number"
    },
    "profile_text_color": {
      "id": "http:\/\/wso2jsonschema.org\/profile_text_color",
      "type": "string"
    },
    "description": {
      "id": "http:\/\/wso2jsonschema.org\/description",
      "type": "string"
    },
    "verified": {
      "id": "http:\/\/wso2jsonschema.org\/verified",
      "type": "boolean"
    },
    "contributors_enabled": {
      "id": "http:\/\/wso2jsonschema.org\/contributors_enabled",
      "type": "boolean"
    },
    "profile_sidebar_border_color": {
      "id": "http:\/\/wso2jsonschema.org\/profile_sidebar_border_color",
      "type": "string"
    },
    "name": {
      "id": "http:\/\/wso2jsonschema.org\/name",
      "type": "string"
    },
    "profile_background_color": {
      "id": "http:\/\/wso2jsonschema.org\/profile_background_color",
      "type": "string"
    },
    "created_at": {
      "id": "http:\/\/wso2jsonschema.org\/created_at",
      "type": "string"
    },
    "is_translation_enabled": {
      "id": "http:\/\/wso2jsonschema.org\/is_translation_enabled",
      "type": "boolean"
    },
    "default_profile_image": {
      "id": "http:\/\/wso2jsonschema.org\/default_profile_image",
      "type": "boolean"
    },
    "followers_count": {
      "id": "http:\/\/wso2jsonschema.org\/followers_count",
      "type": "number"
    },
    "has_extended_profile": {
      "id": "http:\/\/wso2jsonschema.org\/has_extended_profile",
      "type": "boolean"
    },
    "profile_image_url_https": {
      "id": "http:\/\/wso2jsonschema.org\/profile_image_url_https",
      "type": "string"
    },
    "geo_enabled": {
      "id": "http:\/\/wso2jsonschema.org\/geo_enabled",
      "type": "boolean"
    },
    "status": {
      "id": "http:\/\/wso2jsonschema.org\/status",
      "properties": {
        "contributors": {
          "id": "http:\/\/wso2jsonschema.org\/status\/contributors",
          "items": [
            {
              "id": "http:\/\/wso2jsonschema.org\/status\/contributors\/0",
              "type": "number"
            }
          ],
          "type": "array"
        },
        "text": {
          "id": "http:\/\/wso2jsonschema.org\/status\/text",
          "type": "string"
        },
        "geo": {
          "id": "http:\/\/wso2jsonschema.org\/status\/geo",
          "properties": {
            "type": {
              "id": "http:\/\/wso2jsonschema.org\/status\/geo\/type",
              "type": "string"
            },
            "coordinates": {
              "id": "http:\/\/wso2jsonschema.org\/status\/geo\/coordinates",
              "items": [
                {
                  "id": "http:\/\/wso2jsonschema.org\/status\/geo\/coordinates\/0",
                  "type": "number"
                }
              ],
              "type": "array"
            }
          },
          "type": "object"
        },
        "retweeted": {
          "id": "http:\/\/wso2jsonschema.org\/status\/retweeted",
          "type": "boolean"
        },
        "in_reply_to_screen_name": {
          "id": "http:\/\/wso2jsonschema.org\/status\/in_reply_to_screen_name",
          "type": "string"
        },
        "possibly_sensitive": {
          "id": "http:\/\/wso2jsonschema.org\/status\/possibly_sensitive",
          "type": "boolean"
        },
        "truncated": {
          "id": "http:\/\/wso2jsonschema.org\/status\/truncated",
          "type": "boolean"
        },
        "lang": {
          "id": "http:\/\/wso2jsonschema.org\/status\/lang",
          "type": "string"
        },
        "entities": {
          "id": "http:\/\/wso2jsonschema.org\/status\/entities",
          "properties": {
            "symbols": {
              "id": "http:\/\/wso2jsonschema.org\/status\/entities\/symbols",
              "items": [],
              "type": "array"
            },
            "urls": {
              "id": "http:\/\/wso2jsonschema.org\/status\/entities\/urls",
              "items": [
                {
                  "id": "http:\/\/wso2jsonschema.org\/status\/entities\/urls\/0",
                  "properties": {
                    "expanded_url": {
                      "id": "http:\/\/wso2jsonschema.org\/status\/entities\/urls\/0\/expanded_url",
                      "type": "string"
                    },
                    "indices": {
                      "id": "http:\/\/wso2jsonschema.org\/status\/entities\/urls\/0\/indices",
                      "items": [
                        {
                          "id": "http:\/\/wso2jsonschema.org\/status\/entities\/urls\/0\/indices\/0",
                          "type": "number"
                        }
                      ],
                      "type": "array"
                    },
                    "display_url": {
                      "id": "http:\/\/wso2jsonschema.org\/status\/entities\/urls\/0\/display_url",
                      "type": "string"
                    },
                    "url": {
                      "id": "http:\/\/wso2jsonschema.org\/status\/entities\/urls\/0\/url",
                      "type": "string"
                    }
                  },
                  "type": "object"
                }
              ],
              "type": "array"
            },
            "hashtags": {
              "id": "http:\/\/wso2jsonschema.org\/status\/entities\/hashtags",
              "items": [],
              "type": "array"
            },
            "user_mentions": {
              "id": "http:\/\/wso2jsonschema.org\/status\/entities\/user_mentions",
              "items": [],
              "type": "array"
            }
          },
          "type": "object"
        },
        "in_reply_to_status_id_str": {
          "id": "http:\/\/wso2jsonschema.org\/status\/in_reply_to_status_id_str",
          "type": "string"
        },
        "is_quote_status": {
          "id": "http:\/\/wso2jsonschema.org\/status\/is_quote_status",
          "type": "boolean"
        },
        "id": {
          "id": "http:\/\/wso2jsonschema.org\/status\/id",
          "type": "number"
        },
        "source": {
          "id": "http:\/\/wso2jsonschema.org\/status\/source",
          "type": "string"
        },
        "in_reply_to_user_id_str": {
          "id": "http:\/\/wso2jsonschema.org\/status\/in_reply_to_user_id_str",
          "type": "string"
        },
        "favorited": {
          "id": "http:\/\/wso2jsonschema.org\/status\/favorited",
          "type": "boolean"
        },
        "in_reply_to_status_id": {
          "id": "http:\/\/wso2jsonschema.org\/status\/in_reply_to_status_id",
          "type": "number"
        },
        "retweet_count": {
          "id": "http:\/\/wso2jsonschema.org\/status\/retweet_count",
          "type": "number"
        },
        "created_at": {
          "id": "http:\/\/wso2jsonschema.org\/status\/created_at",
          "type": "string"
        },
        "in_reply_to_user_id": {
          "id": "http:\/\/wso2jsonschema.org\/status\/in_reply_to_user_id",
          "type": "number"
        },
        "favorite_count": {
          "id": "http:\/\/wso2jsonschema.org\/status\/favorite_count",
          "type": "number"
        },
        "id_str": {
          "id": "http:\/\/wso2jsonschema.org\/status\/id_str",
          "type": "string"
        },
        "place": {
          "id": "http:\/\/wso2jsonschema.org\/status\/place",
          "type": "string"
        },
        "coordinates": {
          "id": "http:\/\/wso2jsonschema.org\/status\/coordinates",
          "items": [
            {
              "id": "http:\/\/wso2jsonschema.org\/status\/coordinates\/0",
              "type": "array"
            }
          ],
          "type": "array"
        }
      },
      "type": "object"
    },
    "profile_background_image_url": {
      "id": "http:\/\/wso2jsonschema.org\/profile_background_image_url",
      "type": "string"
    },
    "profile_background_image_url_https": {
      "id": "http:\/\/wso2jsonschema.org\/profile_background_image_url_https",
      "type": "string"
    },
    "follow_request_sent": {
      "id": "http:\/\/wso2jsonschema.org\/follow_request_sent",
      "type": "boolean"
    },
    "entities": {
      "id": "http:\/\/wso2jsonschema.org\/entities",
      "properties": {
        "description": {
          "id": "http:\/\/wso2jsonschema.org\/entities\/description",
          "properties": {
            "urls": {
              "id": "http:\/\/wso2jsonschema.org\/entities\/description\/urls",
              "items": [],
              "type": "array"
            }
          },
          "type": "object"
        }
      },
      "type": "object"
    },
    "url": {
      "id": "http:\/\/wso2jsonschema.org\/url",
      "type": "string"
    },
    "utc_offset": {
      "id": "http:\/\/wso2jsonschema.org\/utc_offset",
      "type": "number"
    },
    "time_zone": {
      "id": "http:\/\/wso2jsonschema.org\/time_zone",
      "type": "string"
    },
    "notifications": {
      "id": "http:\/\/wso2jsonschema.org\/notifications",
      "type": "boolean"
    },
    "profile_use_background_image": {
      "id": "http:\/\/wso2jsonschema.org\/profile_use_background_image",
      "type": "boolean"
    },
    "friends_count": {
      "id": "http:\/\/wso2jsonschema.org\/friends_count",
      "type": "number"
    },
    "profile_sidebar_fill_color": {
      "id": "http:\/\/wso2jsonschema.org\/profile_sidebar_fill_color",
      "type": "string"
    },
    "screen_name": {
      "id": "http:\/\/wso2jsonschema.org\/screen_name",
      "type": "string"
    },
    "id_str": {
      "id": "http:\/\/wso2jsonschema.org\/id_str",
      "type": "string"
    },
    "profile_image_url": {
      "id": "http:\/\/wso2jsonschema.org\/profile_image_url",
      "type": "string"
    },
    "listed_count": {
      "id": "http:\/\/wso2jsonschema.org\/listed_count",
      "type": "number"
    },
    "is_translator": {
      "id": "http:\/\/wso2jsonschema.org\/is_translator",
      "type": "boolean"
    }
  },
  "type": "object"
}