<?xml version="1.0" encoding="UTF-8"?>
<!--
 ~  Copyright (c) 2016, WSO2 Inc. (http://www.wso2.org) All Rights Reserved.
 ~
 ~  WSO2 Inc. licenses this file to you under the Apache License,
 ~  Version 2.0 (the "License"); you may not use this file except
 ~  in compliance with the License.
 ~  You may obtain a copy of the License at
 ~
 ~    http://www.apache.org/licenses/LICENSE-2.0
 ~
 ~  Unless required by applicable law or agreed to in writing,
 ~  software distributed under the License is distributed on an
 ~  "AS IS" BASIS, WITHOUT WARRANTIES OR CONDITIONS OF ANY
 ~  KIND, either express or implied.  See the License for the
 ~  specific language governing permissions and limitations
 ~  under the License.
-->
<connector>
    <component name="twitter" package="org.wso2.carbon.connectors">
        <dependency component="twitter_config"/>
        <dependency component="twitter_friends_followers"/>
        <dependency component="twitter-account"/>
        <dependency component="twitter-blocks"/>
        <dependency component="twitter-directMessages"/>
        <dependency component="twitter-favorites"/>
        <dependency component="twitter-help"/>
        <dependency component="twitter-lists"/>
        <dependency component="twitter-search"/>
        <dependency component="twitter-statuses"/>
        <dependency component="twitter-trends"/>
        <dependency component="twitter-users"/>
        <dependency component="twitter-tweets"/>
        <description>synapse library for twitter connector</description>
    </component>
    <icon>icon/icon-twitter-small.png</icon>
</connector>
