{
  "id": "http:\/\/wso2jsonschema.org",
  "title": "id",
  "$schema": "http:\/\/json-schema.org\/draft-04\/schema#",
  "properties": {
    "20": {
      "id": "http:\/\/wso2jsonschema.org\/20",
      "properties": {
        "contributors": {
          "id": "http:\/\/wso2jsonschema.org\/20\/contributors",
          "items": [
            {
              "id": "http:\/\/wso2jsonschema.org\/20\/contributors\/0",
              "type": "number"
            }
          ],
          "type": "array"
        },
        "text": {
          "id": "http:\/\/wso2jsonschema.org\/20\/text",
          "type": "string"
        },
        "geo": {
          "id": "http:\/\/wso2jsonschema.org\/20\/geo",
          "properties": {
            "type": {
              "id": "http:\/\/wso2jsonschema.org\/20\/geo\/type",
              "type": "string"
            },
            "coordinates": {
              "id": "http:\/\/wso2jsonschema.org\/20\/geo\/coordinates",
              "items": [
                {
                  "id": "http:\/\/wso2jsonschema.org\/20\/geo\/coordinates\/0",
                  "type": "number"
                }
              ],
              "type": "array"
            }
          },
          "type": "object"
        },
        "retweeted": {
          "id": "http:\/\/wso2jsonschema.org\/20\/retweeted",
          "type": "boolean"
        },
        "in_reply_to_screen_name": {
          "id": "http:\/\/wso2jsonschema.org\/20\/in_reply_to_screen_name",
          "type": "string"
        },
        "truncated": {
          "id": "http:\/\/wso2jsonschema.org\/20\/truncated",
          "type": "boolean"
        },
        "lang": {
          "id": "http:\/\/wso2jsonschema.org\/20\/lang",
          "type": "string"
        },
        "entities": {
          "id": "http:\/\/wso2jsonschema.org\/20\/entities",
          "properties": {
            "symbols": {
              "id": "http:\/\/wso2jsonschema.org\/20\/entities\/symbols",
              "items": [],
              "type": "array"
            },
            "urls": {
              "id": "http:\/\/wso2jsonschema.org\/20\/entities\/urls",
              "items": [],
              "type": "array"
            },
            "hashtags": {
              "id": "http:\/\/wso2jsonschema.org\/20\/entities\/hashtags",
              "items": [],
              "type": "array"
            },
            "user_mentions": {
              "id": "http:\/\/wso2jsonschema.org\/20\/entities\/user_mentions",
              "items": [],
              "type": "array"
            }
          },
          "type": "object"
        },
        "in_reply_to_status_id_str": {
          "id": "http:\/\/wso2jsonschema.org\/20\/in_reply_to_status_id_str",
          "type": "string"
        },
        "is_quote_status": {
          "id": "http:\/\/wso2jsonschema.org\/20\/is_quote_status",
          "type": "boolean"
        },
        "id": {
          "id": "http:\/\/wso2jsonschema.org\/20\/id",
          "type": "number"
        },
        "source": {
          "id": "http:\/\/wso2jsonschema.org\/20\/source",
          "type": "string"
        },
        "in_reply_to_user_id_str": {
          "id": "http:\/\/wso2jsonschema.org\/20\/in_reply_to_user_id_str",
          "type": "string"
        },
        "favorited": {
          "id": "http:\/\/wso2jsonschema.org\/20\/favorited",
          "type": "boolean"
        },
        "in_reply_to_status_id": {
          "id": "http:\/\/wso2jsonschema.org\/20\/in_reply_to_status_id",
          "type": "number"
        },
        "retweet_count": {
          "id": "http:\/\/wso2jsonschema.org\/20\/retweet_count",
          "type": "number"
        },
        "created_at": {
          "id": "http:\/\/wso2jsonschema.org\/20\/created_at",
          "type": "string"
        },
        "in_reply_to_user_id": {
          "id": "http:\/\/wso2jsonschema.org\/20\/in_reply_to_user_id",
          "type": "number"
        },
        "favorite_count": {
          "id": "http:\/\/wso2jsonschema.org\/20\/favorite_count",
          "type": "number"
        },
        "id_str": {
          "id": "http:\/\/wso2jsonschema.org\/20\/id_str",
          "type": "string"
        },
        "place": {
          "id": "http:\/\/wso2jsonschema.org\/20\/place",
          "type": "string"
        },
        "user": {
          "id": "http:\/\/wso2jsonschema.org\/20\/user",
          "properties": {
            "location": {
              "id": "http:\/\/wso2jsonschema.org\/20\/user\/location",
              "type": "string"
            },
            "default_profile": {
              "id": "http:\/\/wso2jsonschema.org\/20\/user\/default_profile",
              "type": "boolean"
            },
            "profile_background_tile": {
              "id": "http:\/\/wso2jsonschema.org\/20\/user\/profile_background_tile",
              "type": "boolean"
            },
            "statuses_count": {
              "id": "http:\/\/wso2jsonschema.org\/20\/user\/statuses_count",
              "type": "number"
            },
            "lang": {
              "id": "http:\/\/wso2jsonschema.org\/20\/user\/lang",
              "type": "string"
            },
            "profile_link_color": {
              "id": "http:\/\/wso2jsonschema.org\/20\/user\/profile_link_color",
              "type": "string"
            },
            "id": {
              "id": "http:\/\/wso2jsonschema.org\/20\/user\/id",
              "type": "number"
            },
            "following": {
              "id": "http:\/\/wso2jsonschema.org\/20\/user\/following",
              "type": "boolean"
            },
            "protected": {
              "id": "http:\/\/wso2jsonschema.org\/20\/user\/protected",
              "type": "boolean"
            },
            "favourites_count": {
              "id": "http:\/\/wso2jsonschema.org\/20\/user\/favourites_count",
              "type": "number"
            },
            "profile_text_color": {
              "id": "http:\/\/wso2jsonschema.org\/20\/user\/profile_text_color",
              "type": "string"
            },
            "description": {
              "id": "http:\/\/wso2jsonschema.org\/20\/user\/description",
              "type": "string"
            },
            "verified": {
              "id": "http:\/\/wso2jsonschema.org\/20\/user\/verified",
              "type": "boolean"
            },
            "contributors_enabled": {
              "id": "http:\/\/wso2jsonschema.org\/20\/user\/contributors_enabled",
              "type": "boolean"
            },
            "profile_sidebar_border_color": {
              "id": "http:\/\/wso2jsonschema.org\/20\/user\/profile_sidebar_border_color",
              "type": "string"
            },
            "name": {
              "id": "http:\/\/wso2jsonschema.org\/20\/user\/name",
              "type": "string"
            },
            "profile_background_color": {
              "id": "http:\/\/wso2jsonschema.org\/20\/user\/profile_background_color",
              "type": "string"
            },
            "created_at": {
              "id": "http:\/\/wso2jsonschema.org\/20\/user\/created_at",
              "type": "string"
            },
            "is_translation_enabled": {
              "id": "http:\/\/wso2jsonschema.org\/20\/user\/is_translation_enabled",
              "type": "boolean"
            },
            "default_profile_image": {
              "id": "http:\/\/wso2jsonschema.org\/20\/user\/default_profile_image",
              "type": "boolean"
            },
            "followers_count": {
              "id": "http:\/\/wso2jsonschema.org\/20\/user\/followers_count",
              "type": "number"
            },
            "has_extended_profile": {
              "id": "http:\/\/wso2jsonschema.org\/20\/user\/has_extended_profile",
              "type": "boolean"
            },
            "profile_image_url_https": {
              "id": "http:\/\/wso2jsonschema.org\/20\/user\/profile_image_url_https",
              "type": "string"
            },
            "geo_enabled": {
              "id": "http:\/\/wso2jsonschema.org\/20\/user\/geo_enabled",
              "type": "boolean"
            },
            "profile_background_image_url": {
              "id": "http:\/\/wso2jsonschema.org\/20\/user\/profile_background_image_url",
              "type": "string"
            },
            "profile_background_image_url_https": {
              "id": "http:\/\/wso2jsonschema.org\/20\/user\/profile_background_image_url_https",
              "type": "string"
            },
            "follow_request_sent": {
              "id": "http:\/\/wso2jsonschema.org\/20\/user\/follow_request_sent",
              "type": "boolean"
            },
            "entities": {
              "id": "http:\/\/wso2jsonschema.org\/20\/user\/entities",
              "properties": {
                "description": {
                  "id": "http:\/\/wso2jsonschema.org\/20\/user\/entities\/description",
                  "properties": {
                    "urls": {
                      "id": "http:\/\/wso2jsonschema.org\/20\/user\/entities\/description\/urls",
                      "items": [],
                      "type": "array"
                    }
                  },
                  "type": "object"
                }
              },
              "type": "object"
            },
            "url": {
              "id": "http:\/\/wso2jsonschema.org\/20\/user\/url",
              "type": "string"
            },
            "utc_offset": {
              "id": "http:\/\/wso2jsonschema.org\/20\/user\/utc_offset",
              "type": "number"
            },
            "time_zone": {
              "id": "http:\/\/wso2jsonschema.org\/20\/user\/time_zone",
              "type": "string"
            },
            "notifications": {
              "id": "http:\/\/wso2jsonschema.org\/20\/user\/notifications",
              "type": "boolean"
            },
            "profile_use_background_image": {
              "id": "http:\/\/wso2jsonschema.org\/20\/user\/profile_use_background_image",
              "type": "boolean"
            },
            "friends_count": {
              "id": "http:\/\/wso2jsonschema.org\/20\/user\/friends_count",
              "type": "number"
            },
            "profile_sidebar_fill_color": {
              "id": "http:\/\/wso2jsonschema.org\/20\/user\/profile_sidebar_fill_color",
              "type": "string"
            },
            "screen_name": {
              "id": "http:\/\/wso2jsonschema.org\/20\/user\/screen_name",
              "type": "string"
            },
            "id_str": {
              "id": "http:\/\/wso2jsonschema.org\/20\/user\/id_str",
              "type": "string"
            },
            "profile_image_url": {
              "id": "http:\/\/wso2jsonschema.org\/20\/user\/profile_image_url",
              "type": "string"
            },
            "listed_count": {
              "id": "http:\/\/wso2jsonschema.org\/20\/user\/listed_count",
              "type": "number"
            },
            "is_translator": {
              "id": "http:\/\/wso2jsonschema.org\/20\/user\/is_translator",
              "type": "boolean"
            }
          },
          "type": "object"
        },
        "coordinates": {
          "id": "http:\/\/wso2jsonschema.org\/20\/coordinates",
          "items": [
            {
              "id": "http:\/\/wso2jsonschema.org\/20\/coordinates\/0",
              "type": "array"
            }
          ],
          "type": "array"
        }
      },
      "type": "object"
    },
    "432656548536401920": {
      "id": "http:\/\/wso2jsonschema.org\/432656548536401920",
      "properties": {
        "contributors": {
          "id": "http:\/\/wso2jsonschema.org\/432656548536401920\/contributors",
          "items": [
            {
              "id": "http:\/\/wso2jsonschema.org\/432656548536401920\/contributors\/0",
              "type": "number"
            }
          ],
          "type": "array"
        },
        "text": {
          "id": "http:\/\/wso2jsonschema.org\/432656548536401920\/text",
          "type": "string"
        },
        "geo": {
          "id": "http:\/\/wso2jsonschema.org\/432656548536401920\/geo",
          "properties": {
            "type": {
              "id": "http:\/\/wso2jsonschema.org\/432656548536401920\/geo\/type",
              "type": "string"
            },
            "coordinates": {
              "id": "http:\/\/wso2jsonschema.org\/432656548536401920\/geo\/coordinates",
              "items": [
                {
                  "id": "http:\/\/wso2jsonschema.org\/432656548536401920\/geo\/coordinates\/0",
                  "type": "number"
                }
              ],
              "type": "array"
            }
          },
          "type": "object"
        },
        "retweeted": {
          "id": "http:\/\/wso2jsonschema.org\/432656548536401920\/retweeted",
          "type": "boolean"
        },
        "in_reply_to_screen_name": {
          "id": "http:\/\/wso2jsonschema.org\/432656548536401920\/in_reply_to_screen_name",
          "type": "string"
        },
        "possibly_sensitive": {
          "id": "http:\/\/wso2jsonschema.org\/432656548536401920\/possibly_sensitive",
          "type": "boolean"
        },
        "truncated": {
          "id": "http:\/\/wso2jsonschema.org\/432656548536401920\/truncated",
          "type": "boolean"
        },
        "lang": {
          "id": "http:\/\/wso2jsonschema.org\/432656548536401920\/lang",
          "type": "string"
        },
        "entities": {
          "id": "http:\/\/wso2jsonschema.org\/432656548536401920\/entities",
          "properties": {
            "symbols": {
              "id": "http:\/\/wso2jsonschema.org\/432656548536401920\/entities\/symbols",
              "items": [],
              "type": "array"
            },
            "urls": {
              "id": "http:\/\/wso2jsonschema.org\/432656548536401920\/entities\/urls",
              "items": [
                {
                  "id": "http:\/\/wso2jsonschema.org\/432656548536401920\/entities\/urls\/0",
                  "properties": {
                    "expanded_url": {
                      "id": "http:\/\/wso2jsonschema.org\/432656548536401920\/entities\/urls\/0\/expanded_url",
                      "type": "string"
                    },
                    "indices": {
                      "id": "http:\/\/wso2jsonschema.org\/432656548536401920\/entities\/urls\/0\/indices",
                      "items": [
                        {
                          "id": "http:\/\/wso2jsonschema.org\/432656548536401920\/entities\/urls\/0\/indices\/0",
                          "type": "number"
                        }
                      ],
                      "type": "array"
                    },
                    "display_url": {
                      "id": "http:\/\/wso2jsonschema.org\/432656548536401920\/entities\/urls\/0\/display_url",
                      "type": "string"
                    },
                    "url": {
                      "id": "http:\/\/wso2jsonschema.org\/432656548536401920\/entities\/urls\/0\/url",
                      "type": "string"
                    }
                  },
                  "type": "object"
                }
              ],
              "type": "array"
            },
            "hashtags": {
              "id": "http:\/\/wso2jsonschema.org\/432656548536401920\/entities\/hashtags",
              "items": [],
              "type": "array"
            },
            "user_mentions": {
              "id": "http:\/\/wso2jsonschema.org\/432656548536401920\/entities\/user_mentions",
              "items": [],
              "type": "array"
            }
          },
          "type": "object"
        },
        "in_reply_to_status_id_str": {
          "id": "http:\/\/wso2jsonschema.org\/432656548536401920\/in_reply_to_status_id_str",
          "type": "string"
        },
        "is_quote_status": {
          "id": "http:\/\/wso2jsonschema.org\/432656548536401920\/is_quote_status",
          "type": "boolean"
        },
        "id": {
          "id": "http:\/\/wso2jsonschema.org\/432656548536401920\/id",
          "type": "number"
        },
        "source": {
          "id": "http:\/\/wso2jsonschema.org\/432656548536401920\/source",
          "type": "string"
        },
        "in_reply_to_user_id_str": {
          "id": "http:\/\/wso2jsonschema.org\/432656548536401920\/in_reply_to_user_id_str",
          "type": "string"
        },
        "favorited": {
          "id": "http:\/\/wso2jsonschema.org\/432656548536401920\/favorited",
          "type": "boolean"
        },
        "in_reply_to_status_id": {
          "id": "http:\/\/wso2jsonschema.org\/432656548536401920\/in_reply_to_status_id",
          "type": "number"
        },
        "retweet_count": {
          "id": "http:\/\/wso2jsonschema.org\/432656548536401920\/retweet_count",
          "type": "number"
        },
        "created_at": {
          "id": "http:\/\/wso2jsonschema.org\/432656548536401920\/created_at",
          "type": "string"
        },
        "in_reply_to_user_id": {
          "id": "http:\/\/wso2jsonschema.org\/432656548536401920\/in_reply_to_user_id",
          "type": "number"
        },
        "favorite_count": {
          "id": "http:\/\/wso2jsonschema.org\/432656548536401920\/favorite_count",
          "type": "number"
        },
        "id_str": {
          "id": "http:\/\/wso2jsonschema.org\/432656548536401920\/id_str",
          "type": "string"
        },
        "place": {
          "id": "http:\/\/wso2jsonschema.org\/432656548536401920\/place",
          "type": "string"
        },
        "user": {
          "id": "http:\/\/wso2jsonschema.org\/432656548536401920\/user",
          "properties": {
            "location": {
              "id": "http:\/\/wso2jsonschema.org\/432656548536401920\/user\/location",
              "type": "string"
            },
            "default_profile": {
              "id": "http:\/\/wso2jsonschema.org\/432656548536401920\/user\/default_profile",
              "type": "boolean"
            },
            "profile_background_tile": {
              "id": "http:\/\/wso2jsonschema.org\/432656548536401920\/user\/profile_background_tile",
              "type": "boolean"
            },
            "statuses_count": {
              "id": "http:\/\/wso2jsonschema.org\/432656548536401920\/user\/statuses_count",
              "type": "number"
            },
            "lang": {
              "id": "http:\/\/wso2jsonschema.org\/432656548536401920\/user\/lang",
              "type": "string"
            },
            "profile_link_color": {
              "id": "http:\/\/wso2jsonschema.org\/432656548536401920\/user\/profile_link_color",
              "type": "string"
            },
            "profile_banner_url": {
              "id": "http:\/\/wso2jsonschema.org\/432656548536401920\/user\/profile_banner_url",
              "type": "string"
            },
            "id": {
              "id": "http:\/\/wso2jsonschema.org\/432656548536401920\/user\/id",
              "type": "number"
            },
            "following": {
              "id": "http:\/\/wso2jsonschema.org\/432656548536401920\/user\/following",
              "type": "boolean"
            },
            "protected": {
              "id": "http:\/\/wso2jsonschema.org\/432656548536401920\/user\/protected",
              "type": "boolean"
            },
            "favourites_count": {
              "id": "http:\/\/wso2jsonschema.org\/432656548536401920\/user\/favourites_count",
              "type": "number"
            },
            "profile_text_color": {
              "id": "http:\/\/wso2jsonschema.org\/432656548536401920\/user\/profile_text_color",
              "type": "string"
            },
            "description": {
              "id": "http:\/\/wso2jsonschema.org\/432656548536401920\/user\/description",
              "type": "string"
            },
            "verified": {
              "id": "http:\/\/wso2jsonschema.org\/432656548536401920\/user\/verified",
              "type": "boolean"
            },
            "contributors_enabled": {
              "id": "http:\/\/wso2jsonschema.org\/432656548536401920\/user\/contributors_enabled",
              "type": "boolean"
            },
            "profile_sidebar_border_color": {
              "id": "http:\/\/wso2jsonschema.org\/432656548536401920\/user\/profile_sidebar_border_color",
              "type": "string"
            },
            "name": {
              "id": "http:\/\/wso2jsonschema.org\/432656548536401920\/user\/name",
              "type": "string"
            },
            "profile_background_color": {
              "id": "http:\/\/wso2jsonschema.org\/432656548536401920\/user\/profile_background_color",
              "type": "string"
            },
            "created_at": {
              "id": "http:\/\/wso2jsonschema.org\/432656548536401920\/user\/created_at",
              "type": "string"
            },
            "is_translation_enabled": {
              "id": "http:\/\/wso2jsonschema.org\/432656548536401920\/user\/is_translation_enabled",
              "type": "boolean"
            },
            "default_profile_image": {
              "id": "http:\/\/wso2jsonschema.org\/432656548536401920\/user\/default_profile_image",
              "type": "boolean"
            },
            "followers_count": {
              "id": "http:\/\/wso2jsonschema.org\/432656548536401920\/user\/followers_count",
              "type": "number"
            },
            "has_extended_profile": {
              "id": "http:\/\/wso2jsonschema.org\/432656548536401920\/user\/has_extended_profile",
              "type": "boolean"
            },
            "profile_image_url_https": {
              "id": "http:\/\/wso2jsonschema.org\/432656548536401920\/user\/profile_image_url_https",
              "type": "string"
            },
            "geo_enabled": {
              "id": "http:\/\/wso2jsonschema.org\/432656548536401920\/user\/geo_enabled",
              "type": "boolean"
            },
            "profile_background_image_url": {
              "id": "http:\/\/wso2jsonschema.org\/432656548536401920\/user\/profile_background_image_url",
              "type": "string"
            },
            "profile_background_image_url_https": {
              "id": "http:\/\/wso2jsonschema.org\/432656548536401920\/user\/profile_background_image_url_https",
              "type": "string"
            },
            "follow_request_sent": {
              "id": "http:\/\/wso2jsonschema.org\/432656548536401920\/user\/follow_request_sent",
              "type": "boolean"
            },
            "entities": {
              "id": "http:\/\/wso2jsonschema.org\/432656548536401920\/user\/entities",
              "properties": {
                "description": {
                  "id": "http:\/\/wso2jsonschema.org\/432656548536401920\/user\/entities\/description",
                  "properties": {
                    "urls": {
                      "id": "http:\/\/wso2jsonschema.org\/432656548536401920\/user\/entities\/description\/urls",
                      "items": [],
                      "type": "array"
                    }
                  },
                  "type": "object"
                },
                "url": {
                  "id": "http:\/\/wso2jsonschema.org\/432656548536401920\/user\/entities\/url",
                  "properties": {
                    "urls": {
                      "id": "http:\/\/wso2jsonschema.org\/432656548536401920\/user\/entities\/url\/urls",
                      "items": [
                        {
                          "id": "http:\/\/wso2jsonschema.org\/432656548536401920\/user\/entities\/url\/urls\/0",
                          "properties": {
                            "expanded_url": {
                              "id": "http:\/\/wso2jsonschema.org\/432656548536401920\/user\/entities\/url\/urls\/0\/expanded_url",
                              "type": "string"
                            },
                            "indices": {
                              "id": "http:\/\/wso2jsonschema.org\/432656548536401920\/user\/entities\/url\/urls\/0\/indices",
                              "items": [
                                {
                                  "id": "http:\/\/wso2jsonschema.org\/432656548536401920\/user\/entities\/url\/urls\/0\/indices\/0",
                                  "type": "number"
                                }
                              ],
                              "type": "array"
                            },
                            "display_url": {
                              "id": "http:\/\/wso2jsonschema.org\/432656548536401920\/user\/entities\/url\/urls\/0\/display_url",
                              "type": "string"
                            },
                            "url": {
                              "id": "http:\/\/wso2jsonschema.org\/432656548536401920\/user\/entities\/url\/urls\/0\/url",
                              "type": "string"
                            }
                          },
                          "type": "object"
                        }
                      ],
                      "type": "array"
                    }
                  },
                  "type": "object"
                }
              },
              "type": "object"
            },
            "url": {
              "id": "http:\/\/wso2jsonschema.org\/432656548536401920\/user\/url",
              "type": "string"
            },
            "utc_offset": {
              "id": "http:\/\/wso2jsonschema.org\/432656548536401920\/user\/utc_offset",
              "type": "number"
            },
            "time_zone": {
              "id": "http:\/\/wso2jsonschema.org\/432656548536401920\/user\/time_zone",
              "type": "string"
            },
            "notifications": {
              "id": "http:\/\/wso2jsonschema.org\/432656548536401920\/user\/notifications",
              "type": "boolean"
            },
            "profile_use_background_image": {
              "id": "http:\/\/wso2jsonschema.org\/432656548536401920\/user\/profile_use_background_image",
              "type": "boolean"
            },
            "friends_count": {
              "id": "http:\/\/wso2jsonschema.org\/432656548536401920\/user\/friends_count",
              "type": "number"
            },
            "profile_sidebar_fill_color": {
              "id": "http:\/\/wso2jsonschema.org\/432656548536401920\/user\/profile_sidebar_fill_color",
              "type": "string"
            },
            "screen_name": {
              "id": "http:\/\/wso2jsonschema.org\/432656548536401920\/user\/screen_name",
              "type": "string"
            },
            "id_str": {
              "id": "http:\/\/wso2jsonschema.org\/432656548536401920\/user\/id_str",
              "type": "string"
            },
            "profile_image_url": {
              "id": "http:\/\/wso2jsonschema.org\/432656548536401920\/user\/profile_image_url",
              "type": "string"
            },
            "listed_count": {
              "id": "http:\/\/wso2jsonschema.org\/432656548536401920\/user\/listed_count",
              "type": "number"
            },
            "is_translator": {
              "id": "http:\/\/wso2jsonschema.org\/432656548536401920\/user\/is_translator",
              "type": "boolean"
            }
          },
          "type": "object"
        },
        "coordinates": {
          "id": "http:\/\/wso2jsonschema.org\/432656548536401920\/coordinates",
          "items": [
            {
              "id": "http:\/\/wso2jsonschema.org\/432656548536401920\/coordinates\/0",
              "type": "array"
            }
          ],
          "type": "array"
        }
      },
      "type": "object"
    }
  },
  "type": "object"
}